number,value,datetime_start,datetime_complete,duration,params_beta,params_delta,params_phi,params_sigma_v,params_sigma_w,system_attrs_fixed_params,state
0,0.6605641962952294,2026-03-28 14:57:54.770192,2026-03-28 14:57:55.006813,0 days 00:00:00.236621,0.05,0.3,0.95,0.7559,0.1,"{'phi': 0.95, 'sigma_w': 0.1, 'sigma_v': 0.7559, 'delta': 0.3, 'beta': 0.05}",COMPLETE
1,0.6372308563859177,2026-03-28 14:57:55.006859,2026-03-28 14:57:55.233299,0 days 00:00:00.226440,0.05,0.2,0.98,1.2,0.1,"{'phi': 0.98, 'sigma_w': 0.1, 'sigma_v': 1.2, 'delta': 0.2, 'beta': 0.05}",COMPLETE
2,0.6608449518938064,2026-03-28 14:57:55.233335,2026-03-28 14:57:55.475475,0 days 00:00:00.242140,0.0,0.3,0.95,0.7559,0.1,"{'phi': 0.95, 'sigma_w': 0.1, 'sigma_v': 0.7559, 'delta': 0.3, 'beta': 0.0}",COMPLETE
3,0.6813045807214395,2026-03-28 14:57:55.475510,2026-03-28 14:57:55.704908,0 days 00:00:00.229398,0.031203728088487304,0.2993292420985183,0.9374165578728515,0.9744578609310866,0.4123206532618726,,COMPLETE
4,1.3644841157332888,2026-03-28 14:57:55.704944,2026-03-28 14:57:55.928216,0 days 00:00:00.223272,0.1416145155592091,0.3005575058716044,0.9155838525815867,1.209351086411077,0.012551115172973842,,COMPLETE
5,0.6835124493561746,2026-03-28 14:57:55.928256,2026-03-28 14:57:56.155318,0 days 00:00:00.227062,0.03636499344142013,0.10616955533913808,0.9020563909801507,1.145443549769061,0.44447541666908114,,COMPLETE
6,1.11690687304799,2026-03-28 14:57:56.155357,2026-03-28 14:57:56.368871,0 days 00:00:00.213514,0.058245828039608386,0.21597250932105788,0.9183221105343581,0.6980881404584887,0.0328774741399112,,COMPLETE
7,0.9030741297265469,2026-03-28 14:57:56.368910,2026-03-28 14:57:56.588571,0 days 00:00:00.219661,0.0912139968434072,0.18318092164684585,0.9611241041827657,0.48008882934877484,0.017258215396625,,COMPLETE
8,0.7292938008137654,2026-03-28 14:57:56.588610,2026-03-28 14:57:56.834208,0 days 00:00:00.245598,0.009290082543999545,0.29620728443102123,0.978439078543162,0.6863659056733767,0.021839352923182977,,COMPLETE
9,0.7269220491829382,2026-03-28 14:57:56.834251,2026-03-28 14:57:57.050767,0 days 00:00:00.216516,0.19312640661491187,0.4744427686266666,0.9606937307049537,0.33311206825550466,0.019485671251272575,,COMPLETE
10,0.6606645035903959,2026-03-28 14:57:57.050809,2026-03-28 14:57:57.270773,0 days 00:00:00.219964,0.10050624353495928,0.008980937807409994,0.9974923052338999,1.4282315195149784,0.19791106314335036,,COMPLETE
11,0.6420320590277506,2026-03-28 14:57:57.270835,2026-03-28 14:57:57.492859,0 days 00:00:00.222024,0.0759208486840447,0.44058519988453393,0.9859099138228711,0.898279764027041,0.06755235590564532,,COMPLETE
12,0.6512443407322057,2026-03-28 14:57:57.492898,2026-03-28 14:57:57.711744,0 days 00:00:00.218846,0.08916212493767489,0.45460562003390703,0.99924130314226,0.9301851870799542,0.04918845468783963,,COMPLETE
13,0.6455690532706024,2026-03-28 14:57:57.711785,2026-03-28 14:57:57.935471,0 days 00:00:00.223686,0.12917128814064824,0.40174462833027397,0.9822532922922631,1.490586145047262,0.16909257917349976,,COMPLETE
14,0.6391657163562283,2026-03-28 14:57:57.935509,2026-03-28 14:57:58.155852,0 days 00:00:00.220343,0.06952668609931652,0.13724248664124047,0.9790677862917703,0.5148496050175877,0.04787308661210928,,COMPLETE
15,0.6628155099883422,2026-03-28 14:57:58.155892,2026-03-28 14:57:58.376530,0 days 00:00:00.220638,0.127004806468826,0.12747450959997145,0.9678563894651283,0.5208679973019081,0.0399510832404997,,COMPLETE
16,0.6936936901067209,2026-03-28 14:57:58.376570,2026-03-28 14:57:58.598771,0 days 00:00:00.222201,0.06327117343781073,0.047447505143096286,0.9730180391001113,0.5082070193603367,0.20322889244613634,,COMPLETE
17,0.6733635895134755,2026-03-28 14:57:58.598817,2026-03-28 14:57:58.829408,0 days 00:00:00.230591,0.03060560828075197,0.14247796938376048,0.9861674073632567,0.3912598554702631,0.10609361321347717,,COMPLETE
18,0.7203941112696448,2026-03-28 14:57:58.829452,2026-03-28 14:57:59.064654,0 days 00:00:00.235202,0.10862942224156866,0.07535299579144393,0.9367011508332796,0.5852456914953454,0.06563400728092413,,COMPLETE
19,0.6359425103694472,2026-03-28 14:57:59.064695,2026-03-28 14:57:59.293140,0 days 00:00:00.228445,0.1629180257360286,0.2130808151756437,0.9913879817894845,0.41125213734026944,0.028168068046976556,,COMPLETE
20,0.6456488825136504,2026-03-28 14:57:59.293181,2026-03-28 14:57:59.526135,0 days 00:00:00.232954,0.18625093550699842,0.3735723709863854,0.9931447638084436,0.3075831543912592,0.026476370948267453,,COMPLETE
21,0.6427706028295366,2026-03-28 14:57:59.526174,2026-03-28 14:57:59.743942,0 days 00:00:00.217768,0.17192997503911023,0.19729297654909717,0.9713223971393541,0.41269407031542166,0.04649370638930596,,COMPLETE
22,0.6492085838160457,2026-03-28 14:57:59.743987,2026-03-28 14:57:59.966777,0 days 00:00:00.222790,0.15418025898080562,0.24225230350866578,0.9895010381112952,0.38542464552914374,0.011042007424299451,,COMPLETE
23,0.6568583112431134,2026-03-28 14:57:59.966828,2026-03-28 14:58:00.188195,0 days 00:00:00.221367,0.07429459790632073,0.16374529382141045,0.9619141683740087,0.6034324635062467,0.13928444695255462,,COMPLETE
24,0.6465519381067342,2026-03-28 14:58:00.188233,2026-03-28 14:58:00.407784,0 days 00:00:00.219551,0.1152407427863727,0.23075354110135676,0.9757700816856448,0.46254330785439496,0.03242992740209834,,COMPLETE
25,0.7188227220689012,2026-03-28 14:58:00.407824,2026-03-28 14:58:00.632277,0 days 00:00:00.224453,0.16219310682316002,0.09511247846078279,0.9914445804512187,0.5836367201201614,0.2866235042795038,,COMPLETE
26,0.6432481312006277,2026-03-28 14:58:00.632311,2026-03-28 14:58:00.853487,0 days 00:00:00.221176,0.04365320765948068,0.2590463823417906,0.9802806834448495,0.4363569085497671,0.054926638757237224,,COMPLETE
27,0.655727595143097,2026-03-28 14:58:00.853524,2026-03-28 14:58:01.081816,0 days 00:00:00.228292,0.020963868413428705,0.16653106547656396,0.9663058858398016,0.366141069325383,0.07970181684680654,,COMPLETE
28,1.0108423783451594,2026-03-28 14:58:01.081857,2026-03-28 14:58:01.302384,0 days 00:00:00.220527,0.07081164737182188,0.363768631339208,0.956322004244521,0.5446644333534081,0.01548105611991322,,COMPLETE
29,0.6851807186636436,2026-03-28 14:58:01.302421,2026-03-28 14:58:01.523708,0 days 00:00:00.221287,0.05152561495956898,0.27192889264842324,0.9408592069999254,0.8033861737801219,0.09657068262702823,,COMPLETE
30,1.2507595260759397,2026-03-28 14:58:01.523750,2026-03-28 14:58:01.743527,0 days 00:00:00.219777,0.08139582593066436,0.05333948164439947,0.9475243037233376,1.0940176949868459,0.026444872133321473,,COMPLETE
31,0.6355003715883996,2026-03-28 14:58:01.743567,2026-03-28 14:58:01.965920,0 days 00:00:00.222353,0.06347152915715311,0.20205675493671194,0.9854831828759698,0.8520794131273243,0.06883806271190268,,COMPLETE
32,0.6456214442471762,2026-03-28 14:58:01.965960,2026-03-28 14:58:02.189253,0 days 00:00:00.223293,0.04991049800526605,0.21042600933433017,0.9818282809483906,0.8285424709977197,0.11942151425469723,,COMPLETE
33,0.6327723615625255,2026-03-28 14:58:02.189293,2026-03-28 14:58:02.412735,0 days 00:00:00.223442,0.06058321333473725,0.14285331525085226,0.9947770128929764,1.3130628160165148,0.03785424871653495,,COMPLETE
34,0.6370106211069628,2026-03-28 14:58:02.412778,2026-03-28 14:58:02.635937,0 days 00:00:00.223159,0.018666536237162856,0.1796475970991783,0.9945113994215757,1.3095300072551532,0.08688924249703762,,COMPLETE
35,0.6351002279538625,2026-03-28 14:58:02.635977,2026-03-28 14:58:02.859404,0 days 00:00:00.223427,0.011393894207168388,0.17317415156670182,0.9942845977000667,1.3100898206132712,0.07643089259827075,,COMPLETE
36,0.6460024310665498,2026-03-28 14:58:02.859443,2026-03-28 14:58:03.081509,0 days 00:00:00.222066,0.0030576718626582934,0.3327267941539832,0.9993975395510366,1.012000370397782,0.05876052491210786,,COMPLETE
37,0.6726332654332747,2026-03-28 14:58:03.081548,2026-03-28 14:58:03.302237,0 days 00:00:00.220689,0.036761001227376085,0.11317847079859275,0.9875143380596733,1.3645478543242076,0.03633341898559161,,COMPLETE
38,0.6411049756284883,2026-03-28 14:58:03.302274,2026-03-28 14:58:03.524210,0 days 00:00:00.221936,0.13914736230032032,0.15252574246778147,0.993536858642733,1.255271815835338,0.027403697760584704,,COMPLETE
39,0.635169344040583,2026-03-28 14:58:03.524251,2026-03-28 14:58:03.748046,0 days 00:00:00.223795,0.01674806592675715,0.2749169636948654,0.9854336255812964,1.0608018954027016,0.07518414590881557,,COMPLETE
40,0.8481271629135455,2026-03-28 14:58:03.748086,2026-03-28 14:58:03.976252,0 days 00:00:00.228166,0.01737685062377331,0.2793644003515996,0.9291374758667653,1.0327167951966414,0.0772663098786563,,COMPLETE
41,0.6603872481362403,2026-03-28 14:58:03.976289,2026-03-28 14:58:04.198148,0 days 00:00:00.221859,0.025620107759949926,0.22985231603786738,0.9855255217887096,1.1494616489707394,0.0382131904659767,,COMPLETE
42,0.6352230284707117,2026-03-28 14:58:04.198190,2026-03-28 14:58:04.422640,0 days 00:00:00.224450,0.010921372928308436,0.20148822006578876,0.9949752667356082,1.103387880874053,0.05925631054065958,,COMPLETE
43,0.6378864471260541,2026-03-28 14:58:04.422679,2026-03-28 14:58:04.646274,0 days 00:00:00.223595,0.005822297451678686,0.32764446362711397,0.9958269053244878,1.2005780298044217,0.059788093833232005,,COMPLETE
44,0.6399543445539924,2026-03-28 14:58:04.646314,2026-03-28 14:58:04.863926,0 days 00:00:00.217612,0.012247185822561409,0.19107260860949246,0.9841232984932874,1.0744417274657603,0.1197523487617743,,COMPLETE
45,0.640587668089673,2026-03-28 14:58:04.863965,2026-03-28 14:58:05.087418,0 days 00:00:00.223453,0.03691298591270147,0.17618456730169724,0.975048905811778,0.9418886066373028,0.08735536556061414,,COMPLETE
46,0.9097555135133919,2026-03-28 14:58:05.087457,2026-03-28 14:58:05.311772,0 days 00:00:00.224315,0.0009741599846447915,0.24158061333299982,0.9075016570301457,0.8615544462243117,0.07472436359250616,,COMPLETE
47,0.6469792835586018,2026-03-28 14:58:05.311810,2026-03-28 14:58:05.543250,0 days 00:00:00.231440,0.06090815332334154,0.3194641618159581,0.9995737199360911,0.7359645635692914,0.04680608864553532,,COMPLETE
48,0.6331679855301653,2026-03-28 14:58:05.543293,2026-03-28 14:58:05.765513,0 days 00:00:00.222220,0.04678160728495402,0.26025413885217086,0.9889736033820848,1.3536168668337492,0.06664627668370667,,COMPLETE
49,0.6362007368610882,2026-03-28 14:58:05.765553,2026-03-28 14:58:05.993831,0 days 00:00:00.228278,0.028157260537453474,0.2693089737449099,0.9894259279839878,1.3900715792807508,0.053004330605839624,,COMPLETE
50,0.755036559371326,2026-03-28 14:58:05.993870,2026-03-28 14:58:06.221655,0 days 00:00:00.227785,0.04271717994483744,0.31137243412790483,0.9780811727601844,1.47559801181876,0.0425935161979261,,COMPLETE
51,0.6369039037180417,2026-03-28 14:58:06.221694,2026-03-28 14:58:06.464590,0 days 00:00:00.242896,0.013797312569493573,0.2933060550826224,0.9958917752154572,1.2744800337554931,0.06346057735821223,,COMPLETE
52,0.6336526815994765,2026-03-28 14:58:06.464629,2026-03-28 14:58:06.738821,0 days 00:00:00.274192,0.05361218375923636,0.12556727265114956,0.9888395013079736,1.1615640350695497,0.06846538868675806,,COMPLETE
53,0.6393825473840292,2026-03-28 14:58:06.738860,2026-03-28 14:58:06.995524,0 days 00:00:00.256664,0.05351870458945854,0.12010478040467919,0.9895033499771193,1.1445035606529708,0.10702758644840568,,COMPLETE
54,0.6486071849577393,2026-03-28 14:58:06.995564,2026-03-28 14:58:07.238836,0 days 00:00:00.243272,0.08588563286413495,0.09117014883559993,0.9956891548880081,1.3405953320568458,0.1444924472020232,,COMPLETE
55,0.6365191084131504,2026-03-28 14:58:07.238881,2026-03-28 14:58:07.470871,0 days 00:00:00.231990,0.043050733007384184,0.15202156882917134,0.982115032021407,1.2279692648892546,0.09531400531142445,,COMPLETE
56,0.6753225799814837,2026-03-28 14:58:07.470911,2026-03-28 14:58:07.695731,0 days 00:00:00.224820,0.025207554897280073,0.1327474551109361,0.9707183285067953,1.133361710642491,0.069772214181419,,COMPLETE
57,0.6524669608118567,2026-03-28 14:58:07.695770,2026-03-28 14:58:07.935312,0 days 00:00:00.239542,0.03373472038021248,0.22568914100663068,0.9916143093814419,1.0016754939751458,0.02213220795326664,,COMPLETE
58,0.7094123317088306,2026-03-28 14:58:07.935365,2026-03-28 14:58:08.164991,0 days 00:00:00.229626,0.09748958654413672,0.05723041277882225,0.9874776172158389,1.4991691165455396,0.03258336419601683,,COMPLETE
59,0.6442166817389143,2026-03-28 14:58:08.165033,2026-03-28 14:58:08.401193,0 days 00:00:00.236160,0.007789755593809386,0.2548975852780052,0.9997208937502137,1.0810311609229488,0.053339809734255596,,COMPLETE
60,0.7752326343794024,2026-03-28 14:58:08.401251,2026-03-28 14:58:08.639111,0 days 00:00:00.237860,0.02114600496040974,0.08350278556962315,0.976928416056029,1.4079795928357606,0.04333733086686515,,COMPLETE
61,0.6349533003824543,2026-03-28 14:58:08.639152,2026-03-28 14:58:08.891173,0 days 00:00:00.252021,0.05919126547522657,0.2009268792868986,0.9845984025255814,0.9574770425903028,0.06739292794283852,,COMPLETE
62,0.6355106887936923,2026-03-28 14:58:08.891253,2026-03-28 14:58:09.161779,0 days 00:00:00.270526,0.06618087984988354,0.19393526306341255,0.991994378714862,1.1953607531955475,0.08364411810875648,,COMPLETE
63,0.6453164675828239,2026-03-28 14:58:09.161822,2026-03-28 14:58:09.446690,0 days 00:00:00.284868,0.07901308007803773,0.1623249461935103,0.98345370877314,1.317334552953749,0.06162615996813814,,COMPLETE
64,0.6358365984123276,2026-03-28 14:58:09.446756,2026-03-28 14:58:09.689103,0 days 00:00:00.242347,0.05765806446862543,0.13802799716921957,0.9894169244967126,0.9484926732720211,0.07279564282590605,,COMPLETE
65,0.6364987088453153,2026-03-28 14:58:09.689159,2026-03-28 14:58:09.924920,0 days 00:00:00.235761,0.048159222748296523,0.20807302702287062,0.996351574762245,1.0501035192272288,0.052498519105191405,,COMPLETE
66,0.6388056866438903,2026-03-28 14:58:09.924960,2026-03-28 14:58:10.190322,0 days 00:00:00.265362,0.0324665167562884,0.10459739833016117,0.9810218016907055,1.1782737917208195,0.11594035699023195,,COMPLETE
67,0.6415454699792715,2026-03-28 14:58:10.190370,2026-03-28 14:58:10.487340,0 days 00:00:00.296970,0.05782985117381344,0.28465052725421275,0.9737133954099828,0.9058208115689226,0.09415838660438472,,COMPLETE
68,0.6407451304440092,2026-03-28 14:58:10.487380,2026-03-28 14:58:10.718509,0 days 00:00:00.231129,0.012702797364482116,0.24423888270820207,0.9874637121277096,1.2749103349559365,0.1352864857446388,,COMPLETE
69,0.6327866708093058,2026-03-28 14:58:10.718549,2026-03-28 14:58:10.951435,0 days 00:00:00.232886,0.038677977714466835,0.18286692332073043,0.992767182215293,1.106690802822984,0.037044443437824495,,COMPLETE
70,0.9026760698321792,2026-03-28 14:58:10.951490,2026-03-28 14:58:11.187872,0 days 00:00:00.236382,0.04001963876534417,0.4971509633507085,0.968850552449233,1.4309679685613848,0.03569750357751643,,COMPLETE
71,0.6318006522979054,2026-03-28 14:58:11.187912,2026-03-28 14:58:11.439037,0 days 00:00:00.251125,0.04784841354050701,0.1764065950902375,0.9930110911385759,1.1159056307031223,0.04728789507053765,,COMPLETE
72,0.6327618367740298,2026-03-28 14:58:11.439079,2026-03-28 14:58:11.691158,0 days 00:00:00.252079,0.04896450005789005,0.17587604194093917,0.9924097682684503,1.2323943415699994,0.042157957832957116,,COMPLETE
73,0.6416224919289796,2026-03-28 14:58:11.691227,2026-03-28 14:58:11.931393,0 days 00:00:00.240166,0.047669388591855204,0.1802210990819546,0.9927065043446477,1.2452420615344337,0.02963581855397279,,COMPLETE
74,0.6376385805741117,2026-03-28 14:58:11.931438,2026-03-28 14:58:12.153153,0 days 00:00:00.221715,0.07011691973039938,0.15118560117458318,0.9979563501398514,1.3344601718249804,0.040275273843193356,,COMPLETE
75,0.6687145677637125,2026-03-28 14:58:12.153192,2026-03-28 14:58:12.382064,0 days 00:00:00.228872,0.07513814396938331,0.1672917094099931,0.9891821929165108,0.9898160679087237,0.02333070081567338,,COMPLETE
76,0.631917004993994,2026-03-28 14:58:12.382100,2026-03-28 14:58:12.618314,0 days 00:00:00.236214,0.05503943004746789,0.22174079931322643,0.9933740506749027,1.1730454651321685,0.04477006695318873,,COMPLETE
77,0.6817061977096818,2026-03-28 14:58:12.618354,2026-03-28 14:58:12.845273,0 days 00:00:00.226919,0.05500144178175388,0.21539556154947234,0.9789939801105444,1.1329452665921416,0.04583136115200269,,COMPLETE
78,1.1051966099944228,2026-03-28 14:58:12.845312,2026-03-28 14:58:13.068790,0 days 00:00:00.223478,0.06310910790880649,0.11716977789994701,0.9528949303056669,1.1881267094614472,0.03459615936875885,,COMPLETE
79,0.6602244099043784,2026-03-28 14:58:13.068829,2026-03-28 14:58:13.286911,0 days 00:00:00.218082,0.046677071388107824,0.22664694256269927,0.9918615295891053,0.9723793641049937,0.019010594013065697,,COMPLETE
80,0.6376864843838144,2026-03-28 14:58:13.286950,2026-03-28 14:58:13.504971,0 days 00:00:00.218021,0.06617118257451374,0.1474812334046784,0.997186251922071,0.6585865937435456,0.029574206367255593,,COMPLETE
81,0.6321653065897086,2026-03-28 14:58:13.505011,2026-03-28 14:58:13.725655,0 days 00:00:00.220644,0.054084604576150275,0.18712570335455275,0.994589616484456,1.3130697652133765,0.04875159677935429,,COMPLETE
82,0.6383435076237753,2026-03-28 14:58:13.725693,2026-03-28 14:58:13.951586,0 days 00:00:00.225893,0.05298476010911356,0.18851111248837465,0.9903532321818793,1.2364881991449208,0.04014142224342,,COMPLETE
83,0.6316860601219958,2026-03-28 14:58:13.951625,2026-03-28 14:58:14.173910,0 days 00:00:00.222285,0.04000695054948391,0.16009665127043546,0.9933263577159815,1.4224979384092888,0.052640226226090436,,COMPLETE
84,0.6323428779661484,2026-03-28 14:58:14.173948,2026-03-28 14:58:14.399157,0 days 00:00:00.225209,0.03893316240724544,0.13071863912758255,0.9945608215330239,1.4405383064953603,0.049379196589180954,,COMPLETE
85,0.6318268979810613,2026-03-28 14:58:14.399197,2026-03-28 14:58:14.624510,0 days 00:00:00.225313,0.03923380812532269,0.1614525203527729,0.9940584594590095,1.438348462574035,0.04987322423737103,,COMPLETE
86,0.6318217583515862,2026-03-28 14:58:14.624548,2026-03-28 14:58:14.848747,0 days 00:00:00.224199,0.03789882105403961,0.15786042296091643,0.9936106761512072,1.4396236389489272,0.04942020343390309,,COMPLETE
87,0.6375054327298346,2026-03-28 14:58:14.848786,2026-03-28 14:58:15.070609,0 days 00:00:00.221823,0.0305615269220834,0.16111274048978827,0.9978590613919402,1.470230965941933,0.04969031712218218,,COMPLETE
88,1.2770826208872728,2026-03-28 14:58:15.070648,2026-03-28 14:58:15.291090,0 days 00:00:00.220442,0.04239205788058247,0.10306135726496157,0.9282119915713618,1.4236240034266312,0.04261489478966971,,COMPLETE
89,0.6322900328979583,2026-03-28 14:58:15.291128,2026-03-28 14:58:15.515224,0 days 00:00:00.224096,0.0369731960602464,0.1369302154448038,0.9944621154047788,1.3809228618727198,0.05006444484779964,,COMPLETE
90,0.6324808358390879,2026-03-28 14:58:15.515264,2026-03-28 14:58:15.740285,0 days 00:00:00.225021,0.03577891897403746,0.13888362594818,0.9943645348526438,1.381508301911423,0.05554400419791938,,COMPLETE
91,0.632165582703513,2026-03-28 14:58:15.740323,2026-03-28 14:58:15.962350,0 days 00:00:00.222027,0.025218417153343515,0.13002880058788707,0.9934965241342952,1.4040360242381953,0.04934169189842337,,COMPLETE
92,0.6329122016399099,2026-03-28 14:58:15.962389,2026-03-28 14:58:16.182700,0 days 00:00:00.220311,0.022499998370196388,0.1308114172465906,0.9947121307982006,1.380557946451418,0.05592927000506888,,COMPLETE
93,0.6454365109094646,2026-03-28 14:58:16.182739,2026-03-28 14:58:16.407842,0 days 00:00:00.225103,0.03333296635927878,0.0638495988242273,0.9998319165911207,1.4350219927973464,0.04862455819506034,,COMPLETE
94,0.6501810892287947,2026-03-28 14:58:16.407883,2026-03-28 14:58:16.655724,0 days 00:00:00.247841,0.028079788071519302,0.03370090081140342,0.9863054989800387,1.2877625566185507,0.05047178366097024,,COMPLETE
95,0.6358431480633704,2026-03-28 14:58:16.655768,2026-03-28 14:58:16.881200,0 days 00:00:00.225432,0.039078742537076605,0.1594703956544125,0.9972143029118675,1.3742034017499896,0.04596989827000097,,COMPLETE
96,0.6320470055034826,2026-03-28 14:58:16.881239,2026-03-28 14:58:17.102032,0 days 00:00:00.220793,0.035852760763952274,0.14075454614486482,0.9937642087360598,1.4976993893298738,0.061662707839961375,,COMPLETE
97,0.638071785532512,2026-03-28 14:58:17.102070,2026-03-28 14:58:17.324927,0 days 00:00:00.222857,0.024017820262366197,0.12080931437826067,0.9976275494589371,1.4304977166117292,0.05860688095862283,,COMPLETE
98,0.6404163577049035,2026-03-28 14:58:17.324964,2026-03-28 14:58:17.546396,0 days 00:00:00.221432,0.028640902290626734,0.10978423602073714,0.9870100465057435,1.4861560881485278,0.0628084783911509,,COMPLETE
99,0.6895266358491801,2026-03-28 14:58:17.546436,2026-03-28 14:58:17.798227,0 days 00:00:00.251791,0.04401378814365102,0.09548028996527196,0.9838731335653854,1.4563948882514284,0.044538659820340366,,COMPLETE
100,0.6783864239637093,2026-03-28 14:58:17.798268,2026-03-28 14:58:18.029090,0 days 00:00:00.230822,0.035140569631792615,0.14480062960412415,0.9914519572889768,1.3376928322105095,0.37270209155745243,,COMPLETE
101,0.6322204786492701,2026-03-28 14:58:18.029128,2026-03-28 14:58:18.247601,0 days 00:00:00.218473,0.036495027462482184,0.13707083722289964,0.9939867834794844,1.3875216222629272,0.05484027136906136,,COMPLETE
102,0.6322144069487591,2026-03-28 14:58:18.247638,2026-03-28 14:58:18.475513,0 days 00:00:00.227875,0.03958194285503917,0.16905797626932165,0.9944599311523329,1.295443915535358,0.04966091987744757,,COMPLETE
103,0.6324072480438879,2026-03-28 14:58:18.475552,2026-03-28 14:58:18.698108,0 days 00:00:00.222556,0.04359321698323753,0.1732581367813175,0.9905575053708706,1.2651934750643115,0.054752907899175175,,COMPLETE
104,0.6339021931924375,2026-03-28 14:58:18.698148,2026-03-28 14:58:18.920303,0 days 00:00:00.222155,0.031008701300025813,0.15755612447400882,0.9962677370228138,1.4987138674762315,0.038756830078639996,,COMPLETE
105,0.6323499500459504,2026-03-28 14:58:18.920340,2026-03-28 14:58:19.146462,0 days 00:00:00.226122,0.016045626113030634,0.1854335727425276,0.993926013089019,1.3096258876218256,0.058409629495797755,,COMPLETE
106,0.6377215706850183,2026-03-28 14:58:19.146501,2026-03-28 14:58:19.369053,0 days 00:00:00.222552,0.026183468057162304,0.19576563389234986,0.9978395966082724,1.3851373537804774,0.05081360785321032,,COMPLETE
107,0.6732165421583073,2026-03-28 14:58:19.369092,2026-03-28 14:58:19.595571,0 days 00:00:00.226479,0.05214543399724739,0.16928898139564522,0.9879916036284624,1.3492738329575542,0.033643359319183844,,COMPLETE
108,0.6358180576627541,2026-03-28 14:58:19.595610,2026-03-28 14:58:19.814793,0 days 00:00:00.219183,0.04502040157500272,0.15411138749375866,0.9907924868934519,1.2858627174342432,0.04415392508422978,,COMPLETE
109,0.6320269476071858,2026-03-28 14:58:19.814832,2026-03-28 14:58:20.035386,0 days 00:00:00.220554,0.02169149498035443,0.21791922539831723,0.993317888252905,1.4013603959030718,0.06341644988266085,,COMPLETE
110,0.7380871543157319,2026-03-28 14:58:20.035423,2026-03-28 14:58:20.263071,0 days 00:00:00.227648,0.022198030337373633,0.21871914162440007,0.963451301600423,1.217632786446888,0.06519559265957565,,COMPLETE
111,0.6321998303281322,2026-03-28 14:58:20.263133,2026-03-28 14:58:20.484796,0 days 00:00:00.221663,0.035969043672156066,0.20867450438200685,0.9930940760857316,1.408943799423539,0.047663654499962606,,COMPLETE
112,0.6321683514856253,2026-03-28 14:58:20.484836,2026-03-28 14:58:20.702929,0 days 00:00:00.218093,0.019635069686610676,0.2027057281361495,0.9938398618740577,1.4021190070725624,0.062015076647808004,,COMPLETE
113,0.6340168834725508,2026-03-28 14:58:20.702969,2026-03-28 14:58:20.925979,0 days 00:00:00.223010,0.01883058830493151,0.2075824281601529,0.9859689188514628,1.3108254043961522,0.08124314235310523,,COMPLETE
114,0.631698313701512,2026-03-28 14:58:20.926041,2026-03-28 14:58:21.146026,0 days 00:00:00.219985,0.032373713902813704,0.2198681994452127,0.993043976360205,1.4521487739685077,0.06319637413543236,,COMPLETE
115,0.6320877152474096,2026-03-28 14:58:21.146065,2026-03-28 14:58:21.365065,0 days 00:00:00.219000,0.0068463478204567885,0.2427335571338869,0.9905571470906387,1.446141191122205,0.07307340389709022,,COMPLETE
116,0.6441649567446563,2026-03-28 14:58:21.365106,2026-03-28 14:58:21.587423,0 days 00:00:00.222317,0.002733981511943669,0.239017496868629,0.9832074784312567,1.4994864027597459,0.07191173897189564,,COMPLETE
117,0.6457409300393359,2026-03-28 14:58:21.587463,2026-03-28 14:58:21.813651,0 days 00:00:00.226188,0.00785746919908312,0.2636723926359549,0.9997564158271186,1.4488507010773417,0.09004282118281975,,COMPLETE
118,0.6340519987118053,2026-03-28 14:58:21.813725,2026-03-28 14:58:22.036999,0 days 00:00:00.223274,0.015314508347457158,0.22197979009006608,0.9882389436264882,1.3445451678392724,0.06281079676850188,,COMPLETE
119,0.632552081642741,2026-03-28 14:58:22.037039,2026-03-28 14:58:22.264938,0 days 00:00:00.227899,0.01883251902865466,0.2517485040236273,0.9912580891534813,1.4230396561880732,0.07631905754902503,,COMPLETE
120,0.6353952061956962,2026-03-28 14:58:22.264978,2026-03-28 14:58:22.488765,0 days 00:00:00.223787,0.006812650114672594,0.2360827514824548,0.9965260876194197,1.4677710865547744,0.05965569918534888,,COMPLETE
121,0.6322558707516086,2026-03-28 14:58:22.488809,2026-03-28 14:58:22.711270,0 days 00:00:00.222461,0.027272790441162535,0.20879060565296226,0.9932545839756709,1.4127481610348191,0.06833282478746316,,COMPLETE
122,0.6428908126815329,2026-03-28 14:58:22.711310,2026-03-28 14:58:22.932080,0 days 00:00:00.220770,0.11649166113403542,0.2003160737673963,0.9901513535484131,1.3484333383345524,0.03956895861480874,,COMPLETE
123,0.6319114106759064,2026-03-28 14:58:22.932119,2026-03-28 14:58:23.153586,0 days 00:00:00.221467,0.029587496958838534,0.23376699507841484,0.9924170121254487,1.4997858691172223,0.057272430561870695,,COMPLETE
124,0.9755023406060187,2026-03-28 14:58:23.153624,2026-03-28 14:58:23.377138,0 days 00:00:00.223514,0.031147971541411603,0.23076630314354854,0.94429350606254,1.4602035501837156,0.06347110259014148,,COMPLETE
125,0.63618355974656,2026-03-28 14:58:23.377178,2026-03-28 14:58:23.603690,0 days 00:00:00.226512,0.021707130885866028,0.19353586196495154,0.9884792314414738,1.400409775672956,0.056927113978540965,,COMPLETE
126,0.6392556551138074,2026-03-28 14:58:23.603728,2026-03-28 14:58:23.832002,0 days 00:00:00.228274,0.04946098471676664,0.22011192795574774,0.9960774264147028,1.255723430319606,0.08313810776200982,,COMPLETE
127,0.6404973288977489,2026-03-28 14:58:23.832042,2026-03-28 14:58:24.056335,0 days 00:00:00.224293,0.012161569739387614,0.1858200150842525,0.9985451993706403,1.495989888791241,0.0722591161474082,,COMPLETE
128,1.2399577277283813,2026-03-28 14:58:24.056376,2026-03-28 14:58:24.304649,0 days 00:00:00.248273,0.02539289911975859,0.24141521844674546,0.9017596269762158,1.338689947220766,0.05323735308363454,,COMPLETE
129,0.6326943696794822,2026-03-28 14:58:24.304688,2026-03-28 14:58:24.530735,0 days 00:00:00.226047,0.03171110223002713,0.25277296216133255,0.991979820509769,1.192553672237982,0.04620445451793259,,COMPLETE
130,1.2713395153118041,2026-03-28 14:58:24.530774,2026-03-28 14:58:24.752997,0 days 00:00:00.222223,0.05515515352156422,0.2310571482812407,0.9173319203841251,1.4357385500297974,0.04266975536635206,,COMPLETE
131,0.6326141995036623,2026-03-28 14:58:24.753036,2026-03-28 14:58:24.980104,0 days 00:00:00.227068,0.03972107510622662,0.20211171516635087,0.9925330731694302,1.3934794854193027,0.04718678621304623,,COMPLETE
132,0.632441444587192,2026-03-28 14:58:24.980143,2026-03-28 14:58:25.205583,0 days 00:00:00.225440,0.0333426477234071,0.21543003017075316,0.9902320183098007,1.4098068102844978,0.061149327764815485,,COMPLETE
133,0.6342565436769017,2026-03-28 14:58:25.205624,2026-03-28 14:58:25.431105,0 days 00:00:00.225481,0.04204152822799823,0.17820188039689644,0.9962022288664113,1.3586852140774783,0.053285181618358164,,COMPLETE
134,0.642692612877197,2026-03-28 14:58:25.431144,2026-03-28 14:58:25.653626,0 days 00:00:00.222482,0.019728391337361487,0.20980760673242135,0.9853008507241333,1.4988040818221242,0.06466377783411548,,COMPLETE
135,0.6321019267793028,2026-03-28 14:58:25.653664,2026-03-28 14:58:25.879779,0 days 00:00:00.226115,0.02807106820207625,0.2476571999712718,0.9921762517396341,1.2898504078334914,0.05792879626022297,,COMPLETE
136,0.6364560154397597,2026-03-28 14:58:25.879819,2026-03-28 14:58:26.125981,0 days 00:00:00.246162,0.028085616488013904,0.24754960933890535,0.9872334241410681,1.285038339750272,0.05759177850074665,,COMPLETE
137,0.6366754330168887,2026-03-28 14:58:26.126020,2026-03-28 14:58:26.348456,0 days 00:00:00.222436,0.19659507578577837,0.2712566181219738,0.9951282339053376,1.314319874634291,0.07465106606044643,,COMPLETE
138,0.6332535059228245,2026-03-28 14:58:26.348496,2026-03-28 14:58:26.576309,0 days 00:00:00.227813,0.00014189731213732487,0.2838458987915178,0.990035879444376,1.232850681098733,0.06615487803029425,,COMPLETE
139,1.2428447821958946,2026-03-28 14:58:26.576350,2026-03-28 14:58:26.799977,0 days 00:00:00.223627,0.009132379762322264,0.26119801032795364,0.9080536050877314,1.4588150666910875,0.05206729349673963,,COMPLETE
140,0.6396940471184682,2026-03-28 14:58:26.800026,2026-03-28 14:58:27.021533,0 days 00:00:00.221507,0.014458379726393251,0.19076327652269823,0.9985798820522426,1.3608780349326832,0.04121283756993166,,COMPLETE
141,0.6326867353719529,2026-03-28 14:58:27.021574,2026-03-28 14:58:27.242673,0 days 00:00:00.221099,0.03461384342952602,0.22535586690688988,0.9929042437270756,1.4191193271316689,0.04704539798205551,,COMPLETE
142,0.6318277059937243,2026-03-28 14:58:27.242712,2026-03-28 14:58:27.464127,0 days 00:00:00.221415,0.025101424578857126,0.21616316086298043,0.9926234990098299,1.2650771947202166,0.05709228847412151,,COMPLETE
143,0.6349866348092027,2026-03-28 14:58:27.464165,2026-03-28 14:58:27.689017,0 days 00:00:00.224852,0.024903109874214825,0.23563360989336637,0.9959414132464243,1.2789590056514373,0.05624441055721806,,COMPLETE
144,0.639702793065569,2026-03-28 14:58:27.689056,2026-03-28 14:58:27.915707,0 days 00:00:00.226651,0.030072403042035938,0.4302679937952193,0.991292686800069,1.1635728210316771,0.060892873342122185,,COMPLETE
145,0.6337010185152321,2026-03-28 14:58:27.915748,2026-03-28 14:58:28.137677,0 days 00:00:00.221929,0.021404535631766315,0.1487320672012209,0.9890839633056198,1.212819266179563,0.079102357502475,,COMPLETE
146,0.6336778373651688,2026-03-28 14:58:28.137719,2026-03-28 14:58:28.360884,0 days 00:00:00.223165,0.046656470450924234,0.16318517673754301,0.9932341689795327,1.2526526596304026,0.07022123004308022,,COMPLETE
147,0.6383485911865466,2026-03-28 14:58:28.360924,2026-03-28 14:58:28.588078,0 days 00:00:00.227154,0.026982787429759923,0.18088362407776518,0.9978028779041812,1.3412968573390176,0.059425150678149505,,COMPLETE
148,0.6465545398199176,2026-03-28 14:58:28.588119,2026-03-28 14:58:28.813479,0 days 00:00:00.225360,0.017189109147222485,0.21842415944100133,0.986995154639226,1.4513925182891707,0.0517965262998784,,COMPLETE
149,0.6337121421421184,2026-03-28 14:58:28.813522,2026-03-28 14:58:29.039233,0 days 00:00:00.225711,0.04144408217128643,0.2445302486206652,0.9952394795792298,1.3126128854232846,0.03728235977077147,,COMPLETE
150,0.640887782744204,2026-03-28 14:58:29.039277,2026-03-28 14:58:29.269192,0 days 00:00:00.229915,0.024071174843647684,0.17037458254246013,0.9909035734673509,1.4999375175510112,0.04351623836861405,,COMPLETE
151,0.6321007077849596,2026-03-28 14:58:29.269232,2026-03-28 14:58:29.497847,0 days 00:00:00.228615,0.035848335010608245,0.20367753386100668,0.9932396127847333,1.3901393074314372,0.047067510920952786,,COMPLETE
152,0.6316050365844577,2026-03-28 14:58:29.497886,2026-03-28 14:58:29.728469,0 days 00:00:00.230583,0.03329582669424985,0.19646678357873376,0.9934584778101837,1.3742163450874745,0.0533508404401895,,COMPLETE
153,0.9307395477079494,2026-03-28 14:58:29.728513,2026-03-28 14:58:29.953422,0 days 00:00:00.224909,0.033666769574716725,0.1951952061305638,0.9579354667091998,1.3670638757239457,0.04983285839634906,,COMPLETE
154,0.9964182419937273,2026-03-28 14:58:29.953461,2026-03-28 14:58:30.174963,0 days 00:00:00.221502,0.05025250868444022,0.22911005229899,0.9336040620327763,1.1149484033015136,0.05554842260879418,,COMPLETE
155,0.6347103701939918,2026-03-28 14:58:30.175003,2026-03-28 14:58:30.398599,0 days 00:00:00.223596,0.03780772733084835,0.12557607801284737,0.9927264944818841,1.446044687587799,0.04373531340251079,,COMPLETE
156,0.6387183375099424,2026-03-28 14:58:30.398638,2026-03-28 14:58:30.622375,0 days 00:00:00.223737,0.030741975552428878,0.1872446662408346,0.988928141807397,1.3083443912903356,0.047639176069013814,,COMPLETE
157,0.634000283971984,2026-03-28 14:58:30.622414,2026-03-28 14:58:30.847275,0 days 00:00:00.224861,0.04504618687926775,0.15634391784642754,0.9959882757293824,1.3749050213476246,0.05423594937535676,,COMPLETE
158,0.6680214261453705,2026-03-28 14:58:30.847315,2026-03-28 14:58:31.070688,0 days 00:00:00.223373,0.18661855294973947,0.21586938681072948,0.9915192346785519,0.7831391250151722,0.014602509039446066,,COMPLETE
159,0.6366644693896699,2026-03-28 14:58:31.070728,2026-03-28 14:58:31.297042,0 days 00:00:00.226314,0.0388662601059683,0.14531655114027495,0.9976415149887389,1.4117052410968445,0.04070957814457574,,COMPLETE
160,0.6689618030689558,2026-03-28 14:58:31.297080,2026-03-28 14:58:31.518920,0 days 00:00:00.221840,0.033061666689764825,0.17427131272303084,0.9997122256641898,0.3506186044034257,0.06865728141170169,,COMPLETE
161,0.6324308889924308,2026-03-28 14:58:31.518960,2026-03-28 14:58:31.739497,0 days 00:00:00.220537,0.028597219989685736,0.20184844473952793,0.9938371900688421,1.374100928124882,0.06373239627158366,,COMPLETE
162,0.6319694668501555,2026-03-28 14:58:31.739536,2026-03-28 14:58:31.964996,0 days 00:00:00.225460,0.023789527111858937,0.20438427489537092,0.9940168442928788,1.4442806708399825,0.059199021799155184,,COMPLETE
163,0.6323000640958738,2026-03-28 14:58:31.965038,2026-03-28 14:58:32.184895,0 days 00:00:00.219857,0.02369885825481239,0.2269635564402846,0.994565988427813,1.4461684794920573,0.05116042918826864,,COMPLETE
164,0.6324098309687525,2026-03-28 14:58:32.184933,2026-03-28 14:58:32.406848,0 days 00:00:00.221915,0.04152654015374082,0.21324426639465396,0.9901606984316325,1.2627371872000968,0.056713507372549994,,COMPLETE
165,0.6317078140386411,2026-03-28 14:58:32.406889,2026-03-28 14:58:32.626261,0 days 00:00:00.219372,0.036150109399831876,0.1915797794556823,0.9921800768604278,1.3289373631865837,0.05227839763146697,,COMPLETE
166,0.6466476142607822,2026-03-28 14:58:32.626300,2026-03-28 14:58:32.849740,0 days 00:00:00.223440,0.03509949182894184,0.19243340033652612,0.9877641130676542,1.330689648597983,0.04499903807968576,,COMPLETE
167,0.6358796824751051,2026-03-28 14:58:32.849789,2026-03-28 14:58:33.075206,0 days 00:00:00.225417,0.04551582906156368,0.18157582801078595,0.9969849431289092,1.464078022566927,0.058983902710156244,,COMPLETE
168,0.6596856102679949,2026-03-28 14:58:33.075245,2026-03-28 14:58:33.297828,0 days 00:00:00.222583,0.03757848937039775,0.2373684422786152,0.9922529396070567,1.2102170511964756,0.2222267711502371,,COMPLETE
169,0.6438594465320155,2026-03-28 14:58:33.297866,2026-03-28 14:58:33.519542,0 days 00:00:00.221676,0.05811382429873276,0.2522220747276403,0.9956431931665347,0.6188316427473722,0.052751692541907334,,COMPLETE
170,0.6322869524492847,2026-03-28 14:58:33.519581,2026-03-28 14:58:33.740630,0 days 00:00:00.221049,0.049499985930031715,0.20188963752597466,0.9896385016050564,1.288206019749478,0.06789149341908612,,COMPLETE
171,0.6318772697357915,2026-03-28 14:58:33.740669,2026-03-28 14:58:33.962031,0 days 00:00:00.221362,0.02964560254317071,0.1636193723271605,0.9933527289238593,1.41086024142897,0.04837035896713824,,COMPLETE
172,0.6324681257554811,2026-03-28 14:58:33.962070,2026-03-28 14:58:34.185528,0 days 00:00:00.223458,0.02933229805593298,0.16349857472216506,0.9918720760108122,1.353373001541356,0.049889146547319525,,COMPLETE
173,0.6325689595306867,2026-03-28 14:58:34.185568,2026-03-28 14:58:34.412069,0 days 00:00:00.226501,0.04160519393532873,0.1732979658141111,0.9938597444940455,1.4957221646005865,0.04492351628578144,,COMPLETE
174,0.6334604641811918,2026-03-28 14:58:34.412110,2026-03-28 14:58:34.634367,0 days 00:00:00.222257,0.033257042206645104,0.18846124739717124,0.9956480687110131,1.4198906398562487,0.05669294868157191,,COMPLETE
175,0.633908237147072,2026-03-28 14:58:34.634406,2026-03-28 14:58:34.870201,0 days 00:00:00.235795,0.030165998919369715,0.2221030977634984,0.9914099730114907,1.3818830753138465,0.047795630141323237,,COMPLETE
176,0.6376843766399001,2026-03-28 14:58:34.870241,2026-03-28 14:58:35.103596,0 days 00:00:00.233355,0.09503012445600498,0.21053634862441864,0.9976243275998216,1.446668946068012,0.061198145856493774,,COMPLETE
177,0.6445908572549268,2026-03-28 14:58:35.103635,2026-03-28 14:58:35.363718,0 days 00:00:00.260083,0.026893763731775346,0.19662063892576037,0.9858903783363037,1.3341544303002575,0.0537060460588094,,COMPLETE
178,0.6330098496104375,2026-03-28 14:58:35.363756,2026-03-28 14:58:35.586313,0 days 00:00:00.222557,0.03597885604442301,0.15653245526340312,0.9888678556187381,1.2567481399051854,0.07328962617118868,,COMPLETE
179,0.6351622572667115,2026-03-28 14:58:35.586351,2026-03-28 14:58:35.811587,0 days 00:00:00.225236,0.044274658753359064,0.17834273862779532,0.9938034824037971,1.4991535279751291,0.03840217968514401,,COMPLETE
180,0.6385715001967975,2026-03-28 14:58:35.811626,2026-03-28 14:58:36.036023,0 days 00:00:00.224397,0.10627717753782927,0.23436627984565342,0.9908575358163948,1.3988662441920878,0.042327274753031593,,COMPLETE
181,0.6321630702925591,2026-03-28 14:58:36.036062,2026-03-28 14:58:36.263421,0 days 00:00:00.227359,0.02301187946998572,0.13421323983425265,0.9934798056471235,1.4113352258525096,0.04843321776840401,,COMPLETE
182,0.632334888391998,2026-03-28 14:58:36.263460,2026-03-28 14:58:36.484256,0 days 00:00:00.220796,0.021177556151598775,0.14848851212593595,0.9948443773649402,1.432225669624669,0.04726801749248777,,COMPLETE
183,0.6316373198299383,2026-03-28 14:58:36.484296,2026-03-28 14:58:36.705601,0 days 00:00:00.221305,0.03902424420179538,0.16791982361725066,0.9930061277519185,1.3111993545816605,0.05363224203474802,,COMPLETE
184,1.1116202560880988,2026-03-28 14:58:36.705649,2026-03-28 14:58:36.929172,0 days 00:00:00.223523,0.03871946756657083,0.14174210270023235,0.9224035569720558,1.3558662978690421,0.06526031300666373,,COMPLETE
185,0.6315341938278733,2026-03-28 14:58:36.929211,2026-03-28 14:58:37.151836,0 days 00:00:00.222625,0.03169362169102713,0.1630408711188103,0.9927890835122242,1.4478288724047643,0.05837859729881005,,COMPLETE
186,0.6315344581959836,2026-03-28 14:58:37.151876,2026-03-28 14:58:37.376148,0 days 00:00:00.224272,0.03180936042552326,0.16689062767844626,0.9924657811250537,1.4549224706340416,0.05828670655954535,,COMPLETE
187,0.6353326444736335,2026-03-28 14:58:37.376187,2026-03-28 14:58:37.597059,0 days 00:00:00.220872,0.033660925149360435,0.17643126034208131,0.9900528725901995,1.4556032128711085,0.05323868379098179,,COMPLETE
188,0.6366450419756275,2026-03-28 14:58:37.597099,2026-03-28 14:58:37.824145,0 days 00:00:00.227046,0.036902993593076194,0.16439698977757133,0.9971287893108445,1.4549170091053516,0.06258251277166298,,COMPLETE
189,0.6354368015612859,2026-03-28 14:58:37.824184,2026-03-28 14:58:38.045370,0 days 00:00:00.221186,0.040829140852753465,0.1655415715969822,0.9885871003072134,1.388010722415611,0.05833070924111019,,COMPLETE
190,0.6317758476665627,2026-03-28 14:58:38.045409,2026-03-28 14:58:38.267789,0 days 00:00:00.222380,0.03345539036461154,0.15575310985453858,0.991568068604942,1.4566167986809047,0.0677935037576255,,COMPLETE
191,0.6317231801473404,2026-03-28 14:58:38.267829,2026-03-28 14:58:38.492331,0 days 00:00:00.224502,0.03228509430870701,0.15388376958942562,0.9919052124083775,1.4656868846413627,0.06611472269687468,,COMPLETE
192,0.6317661540230193,2026-03-28 14:58:38.492370,2026-03-28 14:58:38.717729,0 days 00:00:00.225359,0.031176508245375868,0.1510290268494704,0.9916873118422559,1.4987133059281192,0.06754388249310465,,COMPLETE
193,0.632546041034949,2026-03-28 14:58:38.717769,2026-03-28 14:58:38.941593,0 days 00:00:00.223824,0.03155874879690936,0.15536538195397057,0.9925299521067223,1.4920461909668372,0.0791548434086107,,COMPLETE
194,0.6343659108604918,2026-03-28 14:58:38.941656,2026-03-28 14:58:39.166834,0 days 00:00:00.225178,0.03109880119241601,0.14393181358838228,0.9955353967515559,1.4636352737085947,0.06720052532157982,,COMPLETE
195,0.6378015355759659,2026-03-28 14:58:39.166874,2026-03-28 14:58:39.399965,0 days 00:00:00.233091,0.027543292173819213,0.15550412436724337,0.9873299807546196,1.4204912475349905,0.06107819653987,,COMPLETE
196,0.6316263150377966,2026-03-28 14:58:39.400012,2026-03-28 14:58:39.676772,0 days 00:00:00.276760,0.024971327191518133,0.1652090403632453,0.9915496541006081,1.4971570633222249,0.0704662903529801,,COMPLETE
197,0.6502061287723404,2026-03-28 14:58:39.676814,2026-03-28 14:58:40.335793,0 days 00:00:00.658979,0.023553381764603032,0.17003298072098624,0.9911627193239158,0.499180592605823,0.07013660890422861,,COMPLETE
198,0.6365669409590524,2026-03-28 14:58:40.335834,2026-03-28 14:58:40.643599,0 days 00:00:00.307765,0.01745858663059097,0.16211232680877555,0.984022768616538,1.497108784254231,0.08776791405594947,,COMPLETE
199,0.6359560733294038,2026-03-28 14:58:40.643641,2026-03-28 14:58:40.973496,0 days 00:00:00.329855,0.03138643686169034,0.14985000325110323,0.9890088695765679,1.4285583864268458,0.057185762040320845,,COMPLETE
