trial,lambda_main,lambda_cross,home_adv,squash_scale,mean_mae,std_mae
170,0.035297037515824525,0.9889827934550506,0.20285021026073966,1.5679494408587733,1.3226439670518189,0.05869821776687504
171,0.03559988178706783,0.9450029411334968,0.20244787964788907,1.522824913469137,1.3226853442987927,0.05900567342155797
189,0.03595781146432867,0.9458727797359746,0.19824730577610652,1.5259491560296983,1.3226990237444667,0.05888868126529512
181,0.033791686990497144,0.9615698573768953,0.1997175153030237,1.8012649209566227,1.3227258213295858,0.05852647150666085
182,0.03264057109046691,0.961554518735785,0.19839299575265282,1.8166368567965145,1.3227383341470538,0.05869330295141248
186,0.03520731945850506,0.914394083910037,0.19915969277396559,1.7223339198825114,1.322749169869123,0.05867969728208325
180,0.03218001518079065,0.9636593264773148,0.19991786196965908,1.777982434244667,1.3227514702853347,0.058880784209086046
162,0.03726424366373687,0.9750809958824227,0.21444417028911206,1.7023947432355586,1.3227765101788087,0.058165742037329896
194,0.03176917018061051,0.9657549936509214,0.1986335378447522,2.016149337598667,1.3227787034511327,0.05845923450557229
191,0.03695593830889685,0.935209255827098,0.18526128960003604,1.5207819822464532,1.3228021953271027,0.0586856391958191
196,0.03365520514484115,0.9699378961200187,0.23737576673877028,1.773985301417263,1.3228056289122132,0.05891138303112101
145,0.03612890622033563,0.9294113566677832,0.2014782537006754,1.3688505980533965,1.3228209285977444,0.05946384465985574
174,0.03347716677531,0.9435280430672295,0.1993789183207049,1.5174384799386234,1.3228220255880676,0.05939150087150916
179,0.03643918921245531,0.9615537813949144,0.19646078315974613,1.7792528524073574,1.3228230662209264,0.058129705033845715
161,0.03792124544897565,0.9857228966579138,0.21346884438289482,1.7345828893373194,1.3228553739896978,0.057894731117605486
133,0.052367691593597415,0.9681799411544086,0.22368445403166987,0.9727987934745389,1.3228666666755573,0.058831808465247944
172,0.03299499111110313,0.9500983830119373,0.1977751006139314,1.5197765716180354,1.322868135873609,0.05942325933542641
168,0.03836194807969978,0.9860998739795157,0.20652335863084642,1.7116907788292866,1.322874012159447,0.057852019146447185
173,0.032381498127795644,0.9451237843067305,0.20180804442231948,1.5397934941655314,1.3228858925857019,0.05953847917337488
155,0.04012979936527711,0.9877544964271673,0.2212839850254216,1.6216988645033503,1.322922804546836,0.05780883447893269
157,0.04120544284071066,0.975430230277837,0.2226807428719569,1.5761278768803997,1.3229501619681563,0.05785536683271604
198,0.02752448716048735,0.9637561056507029,0.23930082697611654,2.320375859549936,1.3229559108030682,0.05927872935877906
193,0.0351236320959497,0.9375511000570266,0.18659362273904634,1.9538028479643046,1.322966601263089,0.05807880610790936
151,0.041891917310840875,0.9264775480999754,0.18455370088504164,1.555352943100917,1.3230234980273643,0.05793994686144562
103,0.04556987173771928,0.9143521344505917,0.21833811520211216,1.4343398770162012,1.3230382472521744,0.05803579084673139
148,0.030571603302529993,0.9023670191493713,0.20428190654483522,1.6785449030789605,1.3230523809451031,0.059770670179472456
156,0.044411756250053586,0.9712752749156726,0.21788130481040124,1.4848410271480919,1.32310602799433,0.0576449269056297
159,0.041646477524335854,0.9893628324783298,0.20518120099624929,1.6557689225768142,1.3231487971969371,0.05740686200026336
185,0.03118103117698076,0.9616203572591818,0.1691074128989803,1.8073177451909277,1.3231726303733684,0.05885685699317474
152,0.04551227151305156,0.9277530495947134,0.1779692368499267,1.3964825459972838,1.3231933613105016,0.05775329024611226
190,0.036058737405438177,0.9508469183755089,0.19875453424905354,2.1788154528333656,1.3233056079249654,0.0574954621802719
158,0.04465662186255827,0.9847804078142497,0.213820595493259,1.5935711236974757,1.3234106591585937,0.057161452698213454
164,0.04280103837208106,0.9844383588378646,0.21396035113105247,1.7391518240161696,1.323477560120622,0.057063680243612636
102,0.050076120710994806,0.9148537171751473,0.2224326136001658,1.400930099022656,1.3234948213009017,0.057504177146489664
166,0.04410156144583237,0.9882998130279906,0.20960333596463762,1.662978555548636,1.3235067083585172,0.057027997313114455
163,0.044213801283022415,0.9745483135855925,0.2120240448059719,1.7385100346192564,1.3236640654414982,0.05691652575261992
106,0.046183623216975576,0.9566836720526604,0.2643205669396096,1.3724166765004964,1.3236868287238297,0.05811321701187533
49,0.036396563918785915,0.6082959364624871,0.17018417146033774,2.4368311947833945,1.3236883040813023,0.057996703243947914
175,0.02977901741503469,0.9484570241257415,0.17499723213242277,1.5218570319795413,1.3237447295973255,0.05984577893299286
177,0.029382492659330954,0.9627308794411585,0.18139935779236654,1.4767027682859237,1.3237801345450944,0.060018420606228785
124,0.06398231223835488,0.9666584558016764,0.22902394700839893,0.9719771865910957,1.3238029504649593,0.05745506078819717
146,0.03402476466659188,0.9271665635598029,0.18428646339877663,1.2254568767510299,1.323857751232247,0.060120403380771084
135,0.040041443055461874,0.9876024244114066,0.24534727255240787,0.9579769877740995,1.323885313511288,0.06050858237776408
125,0.06478607392983779,0.9579964452523877,0.22519057750895638,0.9900668207548999,1.3239491811088062,0.05726510517638303
104,0.024539482686442557,0.923646526973843,0.2237751066565869,1.8609049561455764,1.3239978548505367,0.060658542542812624
140,0.054235212286440675,0.8921848343994007,0.1919419952663219,1.3737108171923493,1.32399872902247,0.05697757709298975
160,0.04798240154136127,0.9710922750925509,0.2070566220488105,1.623440909079517,1.3240006822281656,0.05667826108209592
195,0.024279121456015677,0.9626455885243634,0.1999900777207618,1.8273944383745686,1.3240447639097848,0.06035755175613624
107,0.02688514551091857,0.9383922287225984,0.28288370647851147,1.9841310406959944,1.324157484173794,0.060553404756026684
183,0.023724921210543752,0.9511152265178155,0.1976705369252139,1.8914081451453897,1.3241594961218095,0.06037529045919752
153,0.04152448812587081,0.9306597840063846,0.17553698914379756,2.1008231499393317,1.324252309657511,0.056843215357919
115,0.031905829437566036,0.8793372859064891,0.1972369435163099,1.224304201873355,1.3245734315195181,0.06065746943204375
142,0.054829037112166704,0.8913144187584899,0.1937009611690097,1.5261491465375119,1.3246391571301734,0.0565013041782352
126,0.06825601112343868,0.9641227219400444,0.22901707500989055,1.0144153693086406,1.3246542692790209,0.05664172789624945
141,0.05803141382513067,0.8904014818675546,0.19271643796914065,1.3973041153339993,1.3246725040130383,0.056438078417811496
119,0.08750622614659434,0.8508628462262947,0.232448275563647,0.7470926616596386,1.324853636810137,0.057816283699223064
82,0.041924942599715985,0.6692958960454483,0.16156578900787796,1.0901901242053527,1.3248990588129494,0.06003337859283572
143,0.055771426684699,0.8944359233707874,0.19303843532806877,1.5381431340029115,1.3249082953726585,0.05637299525404141
136,0.03536710160450612,0.9878716791950442,0.24065927478886148,0.9545966177352462,1.324978339300105,0.06117605051918446
83,0.07620056347697968,0.6926183101062114,0.16065480208065752,0.642087813238293,1.3249896785655886,0.05931198816041153
134,0.049589223569124374,0.9601537716393737,0.2318225967016349,0.6706227696894398,1.3251954836657476,0.06108685673422967
116,0.06507350974511837,0.8729565557213708,0.20655257836828672,1.2741289737669328,1.325253892531061,0.056343484597737026
31,0.03054035403221181,0.732141206776959,0.1525467554074562,7.1160366073104315,1.3252787054023827,0.056895126234377265
62,0.05526225134655258,0.6729513740028172,0.15898727798707463,1.6947787812448492,1.325291004901154,0.05676634033098467
139,0.04394995668495749,0.9711951839195532,0.2717050737816693,1.9883613372829265,1.3253151064228723,0.056862528218625474
53,0.04966037554667341,0.6843021711814492,0.1174986055156025,1.1356955527146784,1.3253386077659612,0.05810696758105764
56,0.040652372131820366,0.6988632810670597,0.12097481457762395,2.2476186943393417,1.3253545603107408,0.05701986423249371
101,0.046822532573856206,0.8944674381800818,0.1172424176983867,1.4454564239567218,1.3253916124688752,0.05696633137679169
105,0.02229269997580127,0.9032513973383896,0.24501003416320785,1.810496936971088,1.3254716557331778,0.06148941957633181
99,0.058954228041488296,0.8145768191630993,0.22393264581509617,1.600955467743979,1.3255862451008629,0.05684093181280274
46,0.033954504627606845,0.5736693990227296,0.1644137828892871,6.771519903957617,1.325590601296432,0.05660480550126234
111,0.0402305284501969,0.9021904918839261,0.29756026125844426,2.245691233621752,1.3257515397788686,0.0576964020120077
117,0.0279179342976104,0.8733301347395627,0.20289670263115317,1.2607331168144074,1.3258528947467434,0.06124961644497047
188,0.02131698965185752,0.917010085457235,0.2322158851202564,1.800743965343271,1.3258600634552897,0.06142990990707397
120,0.09284587827947904,0.8325550319859083,0.2334379671314269,0.8032142849517715,1.3259071784963061,0.057015333939983606
81,0.05314693123928973,0.6155948989867931,0.11590000076782175,0.9262552081613299,1.3261407133871892,0.05876998568462486
30,0.03403911020951521,0.7351518663542757,0.15076621201088888,7.076163671683606,1.3263659586926682,0.05672046878088703
85,0.051804659912730804,0.6701178185563089,0.16400155663816154,0.7396818227964794,1.326380438291011,0.060776619954877036
51,0.037825297955355136,0.6055916138394386,0.12147115363457678,1.223664417492218,1.3265682420098377,0.05937951614194235
144,0.05521862762828718,0.9477846926616253,0.2194664126238931,1.8045560442805142,1.3265784057487209,0.05610763733356751
72,0.05506781057598223,0.6034128142328758,0.11540563162183447,0.8469742047797882,1.3265848583941509,0.05909154473537517
149,0.03209802718779785,0.363591456158471,0.20849549765856565,1.9083092812134905,1.3265993711247703,0.060703864997519195
87,0.06042887597740779,0.6583602780065587,0.14270566925383726,1.7039130224600534,1.3268673484416713,0.05623845707009407
63,0.05930024921008195,0.7756795413059835,0.20884864584808593,1.9879128957905827,1.3272071230378486,0.056655828947756656
84,0.07876075013637655,0.6885708603991515,0.28556431344715183,0.5525887091625693,1.327225390378884,0.06253441921982224
16,0.014612154094508679,0.6738331297600899,0.2149699333291521,7.970123988105764,1.327262540314025,0.06079812024387861
91,0.027788751070339908,0.7373607089273656,0.1531308675368187,1.3419271039977845,1.3273203722164308,0.06070775664374539
61,0.040171932900360856,0.6001138436329281,0.1129638644806172,1.0630667867786265,1.3275351736166872,0.05953515527010066
43,0.030046494788970358,0.6226697821124819,0.09926269037260083,7.619300844399506,1.3275370281144034,0.056272099364827875
71,0.033342111554385497,0.5539337684040004,0.1304215441808676,1.2706460116710634,1.3276911325074114,0.06009435371939057
118,0.06367857632313836,0.8850536850466235,0.2148841293223051,1.665450230949025,1.3277071887027856,0.056149243656925994
132,0.06756835571295614,0.9161158565118378,0.21030385533043616,1.4784612040722331,1.3277958484571606,0.055797772190263155
79,0.024745151773670315,0.6401524275004407,0.08763993455905776,7.2949967354901455,1.327803861963439,0.05684457186280305
150,0.019768917336314324,0.9083128887578505,0.2451531377564101,1.6960043531352182,1.3278276511080291,0.06222806937007801
176,0.018055780307548217,0.9481936423785555,0.19942251190007879,1.8712494330276228,1.3279457047370122,0.06137907381140753
12,0.018142378867019325,0.4263987124796075,0.23325337688148515,5.650774865817671,1.327954956273184,0.06132948803182879
98,0.04041747353542385,0.7835611843232126,0.18149981854110558,7.730246210581099,1.3283444761255196,0.05698717948962851
128,0.1063295480979877,0.944577293935825,0.25434701107204616,0.7338979546473106,1.3283534918973707,0.05564819820373404
154,0.0215152408045794,0.9512026385864085,0.18577447758165394,1.3863453292282948,1.3284805451020614,0.061395237289739606
109,0.025429631391098557,0.9370528181582187,0.25881828159388764,1.1008259068867663,1.3289047802145144,0.06267238130964102
100,0.0591888720369906,0.8053098302646202,0.3308284973244956,1.5943268925514378,1.3290573248752013,0.05868288496110729
76,0.09207891913034845,0.7606720413436974,0.1098539826492942,0.8921273705847896,1.3292108488645518,0.05488251387842221
33,0.027574221123522223,0.7475081637837901,0.06994406637833633,7.575095650299688,1.3292959227980545,0.056670033566279504
131,0.06869563242848098,0.9386177536765948,0.3158437495981189,1.2944722003014837,1.329468305361824,0.05706660602039729
93,0.0353750941351029,0.9835911622781905,0.12765548421173306,6.430478987278104,1.3294735956754233,0.05713290440819039
130,0.07876126710449385,0.984995174613533,0.2673787591853726,1.1751740283298753,1.3295178082794734,0.05572369116754851
90,0.046220917135075576,0.49210885361790313,0.19663748530039238,0.7440448798026189,1.3296470454858813,0.06217896573168294
37,0.03169176486744396,0.7448793682814331,0.06741847323348082,5.111708116892908,1.3296712512509643,0.056323459167739016
42,0.035223127175621025,0.7720141259650911,0.08784888257190608,7.004426417628063,1.3298676573360104,0.05631454206245495
78,0.06048681403434231,0.7912149644599722,0.13285614061119821,2.1586383780704868,1.3304209744064046,0.05596086738898588
121,0.08011211839288374,0.8534776496802668,0.19130783711865712,1.462386277395968,1.3308294169003856,0.055334105562699264
41,0.01947810806318748,0.7676151278909914,0.05087132237246533,7.614430987655577,1.331126978494027,0.05727715233744146
69,0.01517633642632948,0.8405532379287675,0.15594491594031093,2.249673042863458,1.3311931608179564,0.060892827530508266
184,0.014406735070943578,0.9410829402512136,0.19018553314530595,2.1212902763101167,1.3312508239588254,0.06167533659635223
66,0.04522103920779641,0.7405201554159552,0.05109813950274228,0.9022598540085001,1.3313095117319196,0.058199866638521794
122,0.047115325726702906,0.9214494813894946,0.24754352496434823,5.412442371048616,1.3313641008709085,0.05721945662869847
129,0.08990866596423985,0.9534733741205982,0.29299602061317626,1.0585592400046229,1.3313668586675649,0.05610169376243448
54,0.05138018044500827,0.5530196617614508,0.12443109807263361,0.5896854781652852,1.3317094932058353,0.06083521756028625
52,0.09187572013316496,0.5807369927222639,0.1775283244735673,1.4492675851473518,1.3320638829257934,0.056256542413782855
77,0.04170497714908247,0.7242476185125553,0.049423252037115006,3.111551913810608,1.3320824519469383,0.05570643349569249
74,0.021939373391118303,0.6116856133030534,0.18011794823809868,1.3753032874485434,1.332127078428355,0.06182722594181524
26,0.050124553994694065,0.5323376657444842,0.31083411676049766,7.144922294225679,1.3321947740154394,0.05888447215672316
64,0.01904011818012833,0.6904354089099521,0.16445068795763196,1.569869083501819,1.3323351229721658,0.06144433067956852
86,0.10043096170777872,0.7089252615295782,0.09702438460125949,0.9699391253456029,1.3324934483783308,0.05412913347500597
167,0.015440731491382382,0.9815842055302332,0.2023635788382236,1.6232049635606687,1.3327733903145762,0.062323012151614315
197,0.013442399132440636,0.9477177697758972,0.2006156092672135,1.988899630015783,1.3335583580546548,0.06235100925548225
73,0.08024465688659113,0.6460691246466921,0.14732581358038604,1.9307791165896195,1.3338423448039356,0.056113784524146657
65,0.07217516580292199,0.6498215937192339,0.23132531497792197,2.838706217859159,1.3338479821471019,0.05865364648491533
55,0.06833976934497418,0.6434068694783832,0.027053837662175645,1.176127488720876,1.3342279031569177,0.054836632911816646
137,0.024680162815782256,0.9377668597441824,0.21607672577387638,0.835396479814337,1.334308187069595,0.0630520127561781
114,0.01670129932202266,0.9599952857947589,0.24287393783795502,1.3546701480587837,1.3343964587084771,0.0635502510772407
18,0.04812075890675356,0.627839515751213,0.3578433585700132,7.34964347529874,1.3345170600021474,0.05977862821932534
112,0.07140929953268334,0.9147870031159429,0.2230894333599017,2.367051908952116,1.3350631240106732,0.05683500571043158
21,0.051472207869263584,0.6646041146758024,0.3477396296796388,7.438863285737976,1.3352187000160647,0.05992860466772562
123,0.031569933328187236,0.8567442418530635,0.2678595053713131,0.637398345264117,1.336320106900309,0.06450538987030591
187,0.011868635227509309,0.9644179290634995,0.1871883023005932,2.0253870482219245,1.336409665462988,0.06272223728973533
92,0.06980424470133832,0.633570503128414,0.17205571665708572,4.2903890827420845,1.3369989943610943,0.05830041328840475
97,0.07630195149552746,0.5366010446562689,0.2076660179998587,3.764564377747592,1.3371056162974728,0.05904020430112896
67,0.1067436487972685,0.10237448553678041,0.19801126761508683,1.5284876614668619,1.3385405333754095,0.055923603890335065
24,0.053549693071126246,0.33237888370545066,0.39635954749707475,7.89771019755197,1.3390535768999101,0.061565839594279796
40,0.07000747748937389,0.70274897570157,0.2665438084165771,7.5227741015539955,1.3404052303105374,0.0608044409104145
138,0.016527079041475712,0.9133776519713597,0.2548401572383019,1.0863563578163744,1.3405580857030943,0.06545923224730936
58,0.08383741523456792,0.8112519874462678,0.17215205963288072,2.956986268308429,1.3422533367401728,0.0581329279428342
10,0.011803630459589265,0.42371762952325154,0.004528391589775915,5.897935717810496,1.343137924688026,0.0560690280440887
27,0.08369888378283892,0.5329611727798631,0.2371048547311346,6.212232232665739,1.343229455748599,0.06149248288069244
127,0.14930141844574668,0.9697674658813613,0.22949281313569778,0.9627068164477708,1.3439151265261207,0.05207129332367481
34,0.06596919156057218,0.7264743925457596,0.07024941190511536,5.778288461763257,1.3439312521470048,0.05774322912219631
13,0.0861695424413658,0.48168001820215567,0.28362840399476913,5.551031388547083,1.3439690450717088,0.06257696160359545
108,0.009573300031567596,0.9774790225579123,0.2811870478648791,2.0779607113090286,1.3443525209873832,0.06608482904879488
35,0.0063069218531784915,0.880551451721238,0.1460999254042124,7.96373039190082,1.3448870779650473,0.06333000873413382
68,0.12912675834935775,0.6796782065194749,0.2526672817917306,1.7007073177068017,1.3464047293939392,0.058929710375594406
47,0.06748087923294205,0.5740597086027345,0.033197971640330934,7.102952008410911,1.3468356372795223,0.056422578802537864
96,0.0906548609464129,0.6248038975637948,0.16046676942026963,5.982014995230827,1.348914676492129,0.06024466229848505
95,0.013489420846465199,0.7601498755473878,0.13889416622601178,1.0554933437586982,1.3495507489823049,0.06676518674289678
57,0.11760311463467694,0.7195759548139714,0.1919137023750136,2.292694392283887,1.3496800181882989,0.05895126154807227
11,0.008668500926724054,0.4060421142605831,0.008857317097559221,6.344293572572166,1.3500577012513244,0.05845730737433403
1,0.07885330158077582,0.23883512309922036,0.03485016730091967,6.996321093312014,1.3500889774811387,0.05413947244461539
39,0.09970553028614743,0.5869807837055583,0.14830002266350606,4.605268909560998,1.35091873999931,0.05966528426223631
88,0.011542188630849045,0.5873046920876709,0.0736544303985308,1.1563242933158504,1.3578324365445038,0.06816595451237904
169,0.009010339941221166,0.988343729915825,0.4046014153025337,1.9103588944744925,1.3581006701756935,0.06924442459808328
8,0.033460744899654477,0.9445081281554666,0.5793792198447356,6.5629801108734585,1.358997045919398,0.06207698999556382
89,0.11502928600919135,0.2754617354049166,0.5366623462290178,0.5183606070952653,1.3590947114561953,0.07202228473058199
147,0.008429487149630648,0.9276155133936018,0.17984485081795026,1.2320511948929393,1.360608260987678,0.0716502078160234
4,0.1528168792368093,0.5670332241526916,0.25916701118526947,2.6842185514853143,1.363407948594991,0.06279301774486545
32,0.10258932308961463,0.8727220337792702,0.14650333606143975,6.756815178310037,1.3638299459839964,0.06139383476581175
15,0.08273255379311448,0.3671179934610416,0.5537089512882833,5.862300187791736,1.3670495961720788,0.07073800049880731
17,0.12269360547092056,0.6881615955101351,0.20661198820739338,7.869517206316939,1.368151537702616,0.06378427200915056
25,0.14063733593795574,0.45147273459458565,0.21503417087432514,6.310256430307908,1.3708494664307411,0.06351246783602088
9,0.15300227081751197,0.18692818146568163,0.4105398159072941,3.8011437030470097,1.3734365210936272,0.0648101190657899
36,0.13397302843794356,0.6652881492620214,0.16999990876137014,7.018175384959207,1.3740581056493004,0.06364246118089992
22,0.11086300522356836,0.62002084387325,0.4925567947270698,7.297146822367108,1.3759982164851194,0.06909862861945255
199,0.004509143206972571,0.9466561199130307,0.16966613507544925,1.7816014842556747,1.3773640392869322,0.07784500321459649
192,0.23240751338212065,0.2087220016834216,0.17064332583171107,1.6378448191778407,1.3794846246675088,0.05663856284976417
48,0.15941906858681357,0.6581009497710624,0.13755020992133948,6.618013658172349,1.3892611014470144,0.06504563196104016
28,0.17769688280009255,0.5062567571176778,0.30388310852400396,6.644482309768871,1.3921548452905381,0.06752436025750523
70,0.20929506560553968,0.5175172118081472,0.08394250468995737,2.601878775921585,1.3926852613835463,0.06149396378532418
113,0.0027799664270843245,0.9275049781297219,0.2678447967592456,2.6486893508429477,1.395013744261574,0.08309328009483943
38,0.18008574552703638,0.8574017631646617,0.23323123588974362,4.0388434280485805,1.3999502025599058,0.06338528295213973
7,0.2966148698621592,0.14134086732079798,0.364526911140863,1.7789309276546865,1.4097757371656239,0.06233926707499353
20,0.2072936357466637,0.5105575532911536,0.11467051941708195,6.84417601232219,1.413612315430967,0.0670304027545598
45,0.0014272461364314981,0.8297282694510381,0.19535516703502248,3.4100633550784116,1.414126081061477,0.09117757865688962
178,0.002606288936499529,0.9387955884444131,0.3764880996294754,2.085889646210354,1.4147106613086842,0.08613488820451362
110,0.2810093102442337,0.9553370257749616,0.2806324423562102,1.8785101055419315,1.4280317093156933,0.059677511797726006
60,0.2510016577757878,0.698383884054709,0.12949319830096145,3.4768095235336536,1.428778804799263,0.06677155674178181
0,0.1878955193048339,0.9461357327048254,0.43919636508684307,4.9899386314777745,1.4311204045033092,0.06510915328617653
6,0.22857892212430092,0.7988066056397821,0.11980426929501584,4.356758288102087,1.4323691661524924,0.06749703341532373
75,0.0012018995788028938,0.6767500841367773,0.21927762608849488,1.7959040267946125,1.4342171749456332,0.09566912900229452
5,0.30631459446646736,0.22414953598031723,0.17528678912113088,3.2477138247026875,1.4451494138527328,0.06473804426080909
23,0.0022771715759009985,0.8074994444873687,0.32120958769258345,0.6568517486255292,1.4503390091871695,0.0948052399838117
3,0.41638887775941047,0.2889818085036658,0.10909498032426036,1.8755338239007537,1.4606786253528026,0.06449247404908781
165,0.36573172435518664,0.9759983892226669,0.21737672398914046,1.7452141761923081,1.4681119602848192,0.062255329261196195
59,0.42848243438117156,0.4714833977410047,0.08820409548980894,2.0568068224830576,1.4779608223892688,0.06854992019900459
80,0.3143661284607532,0.5662969575480831,0.18412773832157253,6.840937934258616,1.4829317641128827,0.07305008499610385
29,0.2619845181049094,0.9285705599023928,0.46299152889723794,5.038145706602298,1.4915491839631299,0.07080517294312673
2,0.3009563908598612,0.7301845942384805,0.012350696577481468,7.774323891214958,1.5075710531407946,0.07195061150717086
44,0.3532479250700768,0.6259383084352229,0.10241524462866196,6.149528130223857,1.5174361596208352,0.0724729523603516
19,0.365187579936319,0.7944839797372877,0.25908501867991285,4.643641143296763,1.5306334660365468,0.07202752353743556
50,0.47540098199267733,0.7128981791981466,0.15873191270251508,2.4721755907155503,1.5352834218757399,0.06740742031920377
94,0.4985468481971667,0.7084731044945671,0.10318482873661043,2.458287865429196,1.5504506497065884,0.0675847540318801
14,0.4666562652714659,0.5860815990363957,0.18545700917182933,5.343923305274308,1.5878734812782587,0.07264286482422483
