date,season,home,away,bet,result,edge,odds,profit,won,month,quarter
2024-08-16,2024/2025,Manchester United,Fulham,A,H,0.1576,5.6,-1.0,False,8,Q1 (Aug-Oct)
2024-08-17,2024/2025,Nottingham Forest,Bournemouth,H,D,0.0385,2.54,-1.0,False,8,Q1 (Aug-Oct)
2024-08-17,2024/2025,West Ham United,Aston Villa,H,A,0.033,2.5,-1.0,False,8,Q1 (Aug-Oct)
2024-08-17,2024/2025,Everton,Brighton & Hove Albion,H,A,0.0724,2.78,-1.0,False,8,Q1 (Aug-Oct)
2024-08-17,2024/2025,Arsenal,Wolverhampton Wanderers,A,H,0.2804,18.0,-1.0,False,8,Q1 (Aug-Oct)
2024-08-18,2024/2025,Brentford,Crystal Palace,H,H,0.04,2.54,1.54,True,8,Q1 (Aug-Oct)
2024-08-18,2024/2025,Chelsea,Manchester City,H,A,0.2003,4.3,-1.0,False,8,Q1 (Aug-Oct)
2024-08-24,2024/2025,Crystal Palace,West Ham United,A,A,0.0476,3.45,2.45,True,8,Q1 (Aug-Oct)
2024-08-24,2024/2025,Brighton & Hove Albion,Manchester United,H,H,0.0431,2.58,1.58,True,8,Q1 (Aug-Oct)
2024-08-24,2024/2025,Aston Villa,Arsenal,H,A,0.2201,4.7,-1.0,False,8,Q1 (Aug-Oct)
2024-08-24,2024/2025,Tottenham Hotspur,Everton,A,H,0.2082,7.8,-1.0,False,8,Q1 (Aug-Oct)
2024-08-25,2024/2025,Wolverhampton Wanderers,Chelsea,H,A,0.2182,4.7,-1.0,False,8,Q1 (Aug-Oct)
2024-08-25,2024/2025,Liverpool,Brentford,A,H,0.256,12.5,-1.0,False,8,Q1 (Aug-Oct)
2024-08-25,2024/2025,Bournemouth,Newcastle United,H,D,0.1145,3.15,-1.0,False,8,Q1 (Aug-Oct)
2024-08-31,2024/2025,Nottingham Forest,Wolverhampton Wanderers,A,D,0.0768,3.85,-1.0,False,8,Q1 (Aug-Oct)
2024-08-31,2024/2025,Everton,Bournemouth,H,A,0.0822,2.86,-1.0,False,8,Q1 (Aug-Oct)
2024-08-31,2024/2025,Arsenal,Brighton & Hove Albion,A,D,0.2301,9.4,-1.0,False,8,Q1 (Aug-Oct)
2024-08-31,2024/2025,West Ham United,Manchester City,H,A,0.309,8.2,-1.0,False,8,Q1 (Aug-Oct)
2024-09-01,2024/2025,Manchester United,Liverpool,H,A,0.1825,4.0,-1.0,False,9,Q1 (Aug-Oct)
2024-09-01,2024/2025,Newcastle United,Tottenham Hotspur,H,H,0.0515,2.62,1.62,True,9,Q1 (Aug-Oct)
2024-09-01,2024/2025,Chelsea,Crystal Palace,A,D,0.152,5.4,-1.0,False,9,Q1 (Aug-Oct)
2024-09-14,2024/2025,Aston Villa,Everton,A,H,0.1934,7.0,-1.0,False,9,Q1 (Aug-Oct)
2024-09-14,2024/2025,Fulham,West Ham United,H,D,0.0347,2.5,-1.0,False,9,Q1 (Aug-Oct)
2024-09-14,2024/2025,Bournemouth,Chelsea,H,A,0.1504,3.55,-1.0,False,9,Q1 (Aug-Oct)
2024-09-14,2024/2025,Manchester City,Brentford,A,H,0.2785,17.5,-1.0,False,9,Q1 (Aug-Oct)
2024-09-14,2024/2025,Liverpool,Nottingham Forest,A,A,0.2669,14.5,13.5,True,9,Q1 (Aug-Oct)
2024-09-15,2024/2025,Wolverhampton Wanderers,Newcastle United,H,A,0.1498,3.55,-1.0,False,9,Q1 (Aug-Oct)
2024-09-15,2024/2025,Tottenham Hotspur,Arsenal,H,A,0.1096,3.1,-1.0,False,9,Q1 (Aug-Oct)
2024-09-21,2024/2025,Aston Villa,Wolverhampton Wanderers,A,H,0.1676,5.9,-1.0,False,9,Q1 (Aug-Oct)
2024-09-21,2024/2025,West Ham United,Chelsea,H,A,0.1549,3.6,-1.0,False,9,Q1 (Aug-Oct)
2024-09-21,2024/2025,Tottenham Hotspur,Brentford,A,H,0.1641,5.8,-1.0,False,9,Q1 (Aug-Oct)
2024-09-21,2024/2025,Fulham,Newcastle United,H,H,0.0983,3.0,2.0,True,9,Q1 (Aug-Oct)
2024-09-21,2024/2025,Crystal Palace,Manchester United,H,D,0.0938,2.96,-1.0,False,9,Q1 (Aug-Oct)
2024-09-21,2024/2025,Liverpool,Bournemouth,A,H,0.2409,10.5,-1.0,False,9,Q1 (Aug-Oct)
2024-09-22,2024/2025,Manchester City,Arsenal,A,D,0.1335,4.9,-1.0,False,9,Q1 (Aug-Oct)
2024-09-22,2024/2025,Brighton & Hove Albion,Nottingham Forest,A,D,0.1341,4.9,-1.0,False,9,Q1 (Aug-Oct)
2024-09-28,2024/2025,Chelsea,Brighton & Hove Albion,A,H,0.1239,4.7,-1.0,False,9,Q1 (Aug-Oct)
2024-09-28,2024/2025,Newcastle United,Manchester City,H,D,0.2519,5.6,-1.0,False,9,Q1 (Aug-Oct)
2024-09-28,2024/2025,Nottingham Forest,Fulham,A,A,0.0301,3.25,2.25,True,9,Q1 (Aug-Oct)
2024-09-28,2024/2025,Wolverhampton Wanderers,Liverpool,H,A,0.32,9.0,-1.0,False,9,Q1 (Aug-Oct)
2024-09-28,2024/2025,Brentford,West Ham United,A,D,0.0339,3.3,-1.0,False,9,Q1 (Aug-Oct)
2024-09-28,2024/2025,Everton,Crystal Palace,H,H,0.0792,2.84,1.84,True,9,Q1 (Aug-Oct)
2024-09-29,2024/2025,Manchester United,Tottenham Hotspur,H,A,0.0263,2.46,-1.0,False,9,Q1 (Aug-Oct)
2024-10-05,2024/2025,Everton,Newcastle United,H,D,0.1242,3.25,-1.0,False,10,Q1 (Aug-Oct)
2024-10-05,2024/2025,Crystal Palace,Liverpool,H,A,0.2789,6.6,-1.0,False,10,Q1 (Aug-Oct)
2024-10-05,2024/2025,Brentford,Wolverhampton Wanderers,A,H,0.0626,3.65,-1.0,False,10,Q1 (Aug-Oct)
2024-10-05,2024/2025,Manchester City,Fulham,A,H,0.2588,13.0,-1.0,False,10,Q1 (Aug-Oct)
2024-10-06,2024/2025,Chelsea,Nottingham Forest,A,D,0.2012,7.4,-1.0,False,10,Q1 (Aug-Oct)
2024-10-06,2024/2025,Aston Villa,Manchester United,A,D,0.0244,3.2,-1.0,False,10,Q1 (Aug-Oct)
2024-10-06,2024/2025,Brighton & Hove Albion,Tottenham Hotspur,H,H,0.0985,3.0,2.0,True,10,Q1 (Aug-Oct)
2024-10-19,2024/2025,Manchester United,Brentford,A,H,0.1283,4.8,-1.0,False,10,Q1 (Aug-Oct)
2024-10-19,2024/2025,Fulham,Aston Villa,H,A,0.0366,2.52,-1.0,False,10,Q1 (Aug-Oct)
2024-10-19,2024/2025,Tottenham Hotspur,West Ham United,A,H,0.1748,6.2,-1.0,False,10,Q1 (Aug-Oct)
2024-10-19,2024/2025,Newcastle United,Brighton & Hove Albion,A,A,0.072,3.75,2.75,True,10,Q1 (Aug-Oct)
2024-10-19,2024/2025,Bournemouth,Arsenal,H,H,0.2498,5.5,4.5,True,10,Q1 (Aug-Oct)
2024-10-20,2024/2025,Liverpool,Chelsea,A,H,0.1445,5.2,-1.0,False,10,Q1 (Aug-Oct)
2024-10-20,2024/2025,Wolverhampton Wanderers,Manchester City,H,A,0.331,10.0,-1.0,False,10,Q1 (Aug-Oct)
2024-10-21,2024/2025,Nottingham Forest,Crystal Palace,H,H,0.031,2.48,1.48,True,10,Q1 (Aug-Oct)
2024-10-26,2024/2025,Brighton & Hove Albion,Wolverhampton Wanderers,A,D,0.1543,5.5,-1.0,False,10,Q1 (Aug-Oct)
2024-10-26,2024/2025,Aston Villa,Bournemouth,A,D,0.1037,4.3,-1.0,False,10,Q1 (Aug-Oct)
2024-10-26,2024/2025,Everton,Fulham,H,D,0.0772,2.82,-1.0,False,10,Q1 (Aug-Oct)
2024-10-27,2024/2025,Chelsea,Newcastle United,A,H,0.1106,4.4,-1.0,False,10,Q1 (Aug-Oct)
2024-10-27,2024/2025,Crystal Palace,Tottenham Hotspur,H,H,0.1872,4.1,3.1,True,10,Q1 (Aug-Oct)
2024-10-27,2024/2025,West Ham United,Manchester United,H,H,0.0991,3.0,2.0,True,10,Q1 (Aug-Oct)
2024-10-27,2024/2025,Arsenal,Liverpool,H,D,0.0447,2.58,-1.0,False,10,Q1 (Aug-Oct)
2024-11-02,2024/2025,Wolverhampton Wanderers,Crystal Palace,H,D,0.0471,2.6,-1.0,False,11,Q2 (Nov-Jan)
2024-11-02,2024/2025,Liverpool,Brighton & Hove Albion,A,H,0.2108,8.0,-1.0,False,11,Q2 (Nov-Jan)
2024-11-02,2024/2025,Bournemouth,Manchester City,H,H,0.2615,5.9,4.9,True,11,Q2 (Nov-Jan)
2024-11-02,2024/2025,Nottingham Forest,West Ham United,A,H,0.0633,3.65,-1.0,False,11,Q2 (Nov-Jan)
2024-11-02,2024/2025,Newcastle United,Arsenal,H,H,0.1811,4.0,3.0,True,11,Q2 (Nov-Jan)
2024-11-03,2024/2025,Tottenham Hotspur,Aston Villa,A,H,0.0734,3.8,-1.0,False,11,Q2 (Nov-Jan)
2024-11-03,2024/2025,Manchester United,Chelsea,H,D,0.0609,2.7,-1.0,False,11,Q2 (Nov-Jan)
2024-11-04,2024/2025,Fulham,Brentford,A,H,0.0708,3.75,-1.0,False,11,Q2 (Nov-Jan)
2024-11-09,2024/2025,Crystal Palace,Fulham,H,A,0.0867,2.9,-1.0,False,11,Q2 (Nov-Jan)
2024-11-09,2024/2025,West Ham United,Everton,A,D,0.066,3.7,-1.0,False,11,Q2 (Nov-Jan)
2024-11-09,2024/2025,Brighton & Hove Albion,Manchester City,H,H,0.2136,4.6,3.6,True,11,Q2 (Nov-Jan)
2024-11-09,2024/2025,Wolverhampton Wanderers,Southampton,A,H,0.087,4.0,-1.0,False,11,Q2 (Nov-Jan)
2024-11-09,2024/2025,Brentford,Bournemouth,H,H,0.0507,2.62,1.62,True,11,Q2 (Nov-Jan)
2024-11-09,2024/2025,Liverpool,Aston Villa,A,H,0.1975,7.2,-1.0,False,11,Q2 (Nov-Jan)
2024-11-10,2024/2025,Manchester United,Leicester City,A,H,0.214,8.2,-1.0,False,11,Q2 (Nov-Jan)
2024-11-10,2024/2025,Nottingham Forest,Newcastle United,H,A,0.0718,2.78,-1.0,False,11,Q2 (Nov-Jan)
2024-11-10,2024/2025,Chelsea,Arsenal,H,D,0.0917,2.94,-1.0,False,11,Q2 (Nov-Jan)
2024-11-10,2024/2025,Tottenham Hotspur,Ipswich Town,A,A,0.2409,10.5,9.5,True,11,Q2 (Nov-Jan)
2024-11-23,2024/2025,Arsenal,Nottingham Forest,A,H,0.2411,10.5,-1.0,False,11,Q2 (Nov-Jan)
2024-11-23,2024/2025,Aston Villa,Crystal Palace,A,D,0.1632,5.8,-1.0,False,11,Q2 (Nov-Jan)
2024-11-23,2024/2025,Manchester City,Tottenham Hotspur,A,A,0.1851,6.6,5.6,True,11,Q2 (Nov-Jan)
2024-11-23,2024/2025,Bournemouth,Brighton & Hove Albion,H,A,0.0257,2.46,-1.0,False,11,Q2 (Nov-Jan)
2024-11-23,2024/2025,Fulham,Wolverhampton Wanderers,A,A,0.1549,5.5,4.5,True,11,Q2 (Nov-Jan)
2024-11-23,2024/2025,Leicester City,Chelsea,H,A,0.2928,7.2,-1.0,False,11,Q2 (Nov-Jan)
2024-11-23,2024/2025,Everton,Brentford,H,D,0.0336,2.5,-1.0,False,11,Q2 (Nov-Jan)
2024-11-24,2024/2025,Ipswich Town,Manchester United,H,D,0.2499,5.5,-1.0,False,11,Q2 (Nov-Jan)
2024-11-24,2024/2025,Southampton,Liverpool,H,A,0.3472,12.0,-1.0,False,11,Q2 (Nov-Jan)
2024-11-25,2024/2025,Newcastle United,West Ham United,A,A,0.1898,6.8,5.8,True,11,Q2 (Nov-Jan)
2024-11-29,2024/2025,Brighton & Hove Albion,Southampton,A,D,0.2198,8.6,-1.0,False,11,Q2 (Nov-Jan)
2024-11-30,2024/2025,West Ham United,Arsenal,H,A,0.2997,7.6,-1.0,False,11,Q2 (Nov-Jan)
2024-11-30,2024/2025,Brentford,Leicester City,A,H,0.1483,5.3,-1.0,False,11,Q2 (Nov-Jan)
2024-11-30,2024/2025,Wolverhampton Wanderers,Bournemouth,H,A,0.0864,2.9,-1.0,False,11,Q2 (Nov-Jan)
2024-11-30,2024/2025,Crystal Palace,Newcastle United,H,D,0.1143,3.15,-1.0,False,11,Q2 (Nov-Jan)
2024-11-30,2024/2025,Nottingham Forest,Ipswich Town,A,H,0.147,5.3,-1.0,False,11,Q2 (Nov-Jan)
2024-12-01,2024/2025,Liverpool,Manchester City,A,H,0.0563,3.55,-1.0,False,12,Q2 (Nov-Jan)
2024-12-01,2024/2025,Tottenham Hotspur,Fulham,A,D,0.1158,4.5,-1.0,False,12,Q2 (Nov-Jan)
2024-12-01,2024/2025,Manchester United,Everton,A,H,0.1929,7.0,-1.0,False,12,Q2 (Nov-Jan)
2024-12-01,2024/2025,Chelsea,Aston Villa,A,H,0.136,5.0,-1.0,False,12,Q2 (Nov-Jan)
2024-12-03,2024/2025,Ipswich Town,Crystal Palace,H,A,0.1205,3.2,-1.0,False,12,Q2 (Nov-Jan)
2024-12-03,2024/2025,Leicester City,West Ham United,H,H,0.0975,3.0,2.0,True,12,Q2 (Nov-Jan)
2024-12-04,2024/2025,Everton,Wolverhampton Wanderers,A,H,0.0622,3.65,-1.0,False,12,Q2 (Nov-Jan)
2024-12-04,2024/2025,Manchester City,Nottingham Forest,A,H,0.2299,9.4,-1.0,False,12,Q2 (Nov-Jan)
2024-12-04,2024/2025,Southampton,Chelsea,H,A,0.3268,9.6,-1.0,False,12,Q2 (Nov-Jan)
2024-12-04,2024/2025,Aston Villa,Brentford,A,H,0.1148,4.5,-1.0,False,12,Q2 (Nov-Jan)
2024-12-04,2024/2025,Arsenal,Manchester United,A,H,0.2084,7.8,-1.0,False,12,Q2 (Nov-Jan)
2024-12-04,2024/2025,Newcastle United,Liverpool,H,D,0.2146,4.6,-1.0,False,12,Q2 (Nov-Jan)
2024-12-05,2024/2025,Fulham,Brighton & Hove Albion,H,H,0.0257,2.46,1.46,True,12,Q2 (Nov-Jan)
2024-12-05,2024/2025,Bournemouth,Tottenham Hotspur,H,H,0.0718,2.78,1.78,True,12,Q2 (Nov-Jan)
2024-12-07,2024/2025,Crystal Palace,Manchester City,H,D,0.2589,5.8,-1.0,False,12,Q2 (Nov-Jan)
2024-12-07,2024/2025,Brentford,Newcastle United,H,H,0.099,3.0,2.0,True,12,Q2 (Nov-Jan)
2024-12-07,2024/2025,Aston Villa,Southampton,A,H,0.2193,8.6,-1.0,False,12,Q2 (Nov-Jan)
2024-12-07,2024/2025,Manchester United,Nottingham Forest,A,A,0.1546,5.5,4.5,True,12,Q2 (Nov-Jan)
2024-12-08,2024/2025,Leicester City,Brighton & Hove Albion,H,D,0.223,4.8,-1.0,False,12,Q2 (Nov-Jan)
2024-12-08,2024/2025,Tottenham Hotspur,Chelsea,H,A,0.139,3.4,-1.0,False,12,Q2 (Nov-Jan)
2024-12-08,2024/2025,Fulham,Arsenal,H,D,0.2642,6.0,-1.0,False,12,Q2 (Nov-Jan)
2024-12-08,2024/2025,Ipswich Town,Bournemouth,H,A,0.1655,3.75,-1.0,False,12,Q2 (Nov-Jan)
2024-12-09,2024/2025,West Ham United,Wolverhampton Wanderers,A,H,0.0894,4.0,-1.0,False,12,Q2 (Nov-Jan)
2024-12-14,2024/2025,Wolverhampton Wanderers,Ipswich Town,A,A,0.093,4.1,3.1,True,12,Q2 (Nov-Jan)
2024-12-14,2024/2025,Liverpool,Fulham,A,D,0.2363,10.0,-1.0,False,12,Q2 (Nov-Jan)
2024-12-14,2024/2025,Nottingham Forest,Aston Villa,H,H,0.0704,2.76,1.76,True,12,Q2 (Nov-Jan)
2024-12-14,2024/2025,Newcastle United,Leicester City,A,H,0.2411,10.5,-1.0,False,12,Q2 (Nov-Jan)
2024-12-14,2024/2025,Arsenal,Everton,A,D,0.2753,16.5,-1.0,False,12,Q2 (Nov-Jan)
2024-12-15,2024/2025,Chelsea,Brentford,A,H,0.2296,9.4,-1.0,False,12,Q2 (Nov-Jan)
2024-12-15,2024/2025,Brighton & Hove Albion,Crystal Palace,A,A,0.1039,4.3,3.3,True,12,Q2 (Nov-Jan)
2024-12-15,2024/2025,Manchester City,Manchester United,A,A,0.1543,5.5,4.5,True,12,Q2 (Nov-Jan)
2024-12-15,2024/2025,Southampton,Tottenham Hotspur,H,A,0.2102,4.5,-1.0,False,12,Q2 (Nov-Jan)
2024-12-16,2024/2025,Bournemouth,West Ham United,A,D,0.137,5.0,-1.0,False,12,Q2 (Nov-Jan)
2024-12-21,2024/2025,West Ham United,Brighton & Hove Albion,H,D,0.0912,2.94,-1.0,False,12,Q2 (Nov-Jan)
2024-12-21,2024/2025,Brentford,Nottingham Forest,H,A,0.0231,2.44,-1.0,False,12,Q2 (Nov-Jan)
2024-12-21,2024/2025,Ipswich Town,Newcastle United,H,A,0.2314,5.0,-1.0,False,12,Q2 (Nov-Jan)
2024-12-21,2024/2025,Crystal Palace,Arsenal,H,A,0.2807,6.6,-1.0,False,12,Q2 (Nov-Jan)
2024-12-21,2024/2025,Aston Villa,Manchester City,H,H,0.1377,3.4,2.4,True,12,Q2 (Nov-Jan)
2024-12-22,2024/2025,Fulham,Southampton,A,D,0.2148,8.2,-1.0,False,12,Q2 (Nov-Jan)
2024-12-22,2024/2025,Manchester United,Bournemouth,A,A,0.1096,4.4,3.4,True,12,Q2 (Nov-Jan)
2024-12-22,2024/2025,Everton,Chelsea,H,D,0.2532,5.6,-1.0,False,12,Q2 (Nov-Jan)
2024-12-22,2024/2025,Leicester City,Wolverhampton Wanderers,H,A,0.0502,2.62,-1.0,False,12,Q2 (Nov-Jan)
2024-12-22,2024/2025,Tottenham Hotspur,Liverpool,H,A,0.2139,4.6,-1.0,False,12,Q2 (Nov-Jan)
2024-12-26,2024/2025,Newcastle United,Aston Villa,A,H,0.0851,3.95,-1.0,False,12,Q2 (Nov-Jan)
2024-12-26,2024/2025,Liverpool,Leicester City,A,H,0.3026,30.0,-1.0,False,12,Q2 (Nov-Jan)
2024-12-26,2024/2025,Manchester City,Everton,A,D,0.232,9.6,-1.0,False,12,Q2 (Nov-Jan)
2024-12-26,2024/2025,Chelsea,Fulham,A,A,0.1931,7.0,6.0,True,12,Q2 (Nov-Jan)
2024-12-26,2024/2025,Southampton,West Ham United,H,A,0.137,3.4,-1.0,False,12,Q2 (Nov-Jan)
2024-12-26,2024/2025,Nottingham Forest,Tottenham Hotspur,H,H,0.0192,2.42,1.42,True,12,Q2 (Nov-Jan)
2024-12-26,2024/2025,Wolverhampton Wanderers,Manchester United,H,H,0.1823,4.0,3.0,True,12,Q2 (Nov-Jan)
2024-12-26,2024/2025,Bournemouth,Crystal Palace,A,D,0.0942,4.1,-1.0,False,12,Q2 (Nov-Jan)
2024-12-27,2024/2025,Arsenal,Ipswich Town,A,H,0.2881,21.0,-1.0,False,12,Q2 (Nov-Jan)
2024-12-27,2024/2025,Brighton & Hove Albion,Brentford,A,D,0.1442,5.2,-1.0,False,12,Q2 (Nov-Jan)
2024-12-29,2024/2025,Leicester City,Manchester City,H,A,0.32,9.0,-1.0,False,12,Q2 (Nov-Jan)
2024-12-29,2024/2025,Everton,Nottingham Forest,H,A,0.0749,2.8,-1.0,False,12,Q2 (Nov-Jan)
2024-12-29,2024/2025,Crystal Palace,Southampton,A,H,0.1704,6.0,-1.0,False,12,Q2 (Nov-Jan)
2024-12-29,2024/2025,Fulham,Bournemouth,H,D,0.0216,2.44,-1.0,False,12,Q2 (Nov-Jan)
2024-12-29,2024/2025,Tottenham Hotspur,Wolverhampton Wanderers,A,D,0.1245,4.7,-1.0,False,12,Q2 (Nov-Jan)
2024-12-29,2024/2025,West Ham United,Liverpool,H,A,0.2989,7.6,-1.0,False,12,Q2 (Nov-Jan)
2024-12-30,2024/2025,Manchester United,Newcastle United,H,A,0.079,2.82,-1.0,False,12,Q2 (Nov-Jan)
2024-12-30,2024/2025,Aston Villa,Brighton & Hove Albion,A,D,0.0766,3.75,-1.0,False,12,Q2 (Nov-Jan)
2024-12-30,2024/2025,Ipswich Town,Chelsea,H,H,0.2992,7.4,6.4,True,12,Q2 (Nov-Jan)
2025-01-01,2024/2025,Brentford,Arsenal,H,A,0.2955,7.4,-1.0,False,1,Q2 (Nov-Jan)
2025-01-04,2024/2025,Bournemouth,Everton,A,H,0.1441,5.2,-1.0,False,1,Q2 (Nov-Jan)
2025-01-04,2024/2025,Crystal Palace,Chelsea,H,D,0.1755,3.9,-1.0,False,1,Q2 (Nov-Jan)
2025-01-04,2024/2025,Southampton,Brentford,H,A,0.0892,2.92,-1.0,False,1,Q2 (Nov-Jan)
2025-01-04,2024/2025,Brighton & Hove Albion,Arsenal,H,D,0.2195,4.7,-1.0,False,1,Q2 (Nov-Jan)
2025-01-04,2024/2025,Aston Villa,Leicester City,A,H,0.2409,10.5,-1.0,False,1,Q2 (Nov-Jan)
2025-01-04,2024/2025,Tottenham Hotspur,Newcastle United,H,A,0.1046,3.05,-1.0,False,1,Q2 (Nov-Jan)
2025-01-04,2024/2025,Manchester City,West Ham United,A,H,0.2298,9.4,-1.0,False,1,Q2 (Nov-Jan)
2025-01-05,2024/2025,Liverpool,Manchester United,A,D,0.2452,11.0,-1.0,False,1,Q2 (Nov-Jan)
2025-01-05,2024/2025,Fulham,Ipswich Town,A,D,0.1763,6.2,-1.0,False,1,Q2 (Nov-Jan)
2025-01-06,2024/2025,Wolverhampton Wanderers,Nottingham Forest,H,A,0.1376,3.4,-1.0,False,1,Q2 (Nov-Jan)
2025-01-14,2024/2025,West Ham United,Fulham,H,H,0.1091,3.1,2.1,True,1,Q2 (Nov-Jan)
2025-01-14,2024/2025,Chelsea,Bournemouth,A,D,0.1753,6.2,-1.0,False,1,Q2 (Nov-Jan)
2025-01-14,2024/2025,Brentford,Manchester City,H,D,0.2425,5.3,-1.0,False,1,Q2 (Nov-Jan)
2025-01-14,2024/2025,Nottingham Forest,Liverpool,H,D,0.2528,5.6,-1.0,False,1,Q2 (Nov-Jan)
2025-01-15,2024/2025,Newcastle United,Wolverhampton Wanderers,A,H,0.2298,9.4,-1.0,False,1,Q2 (Nov-Jan)
2025-01-15,2024/2025,Arsenal,Tottenham Hotspur,A,H,0.2044,7.6,-1.0,False,1,Q2 (Nov-Jan)
2025-01-15,2024/2025,Everton,Aston Villa,H,A,0.1328,3.35,-1.0,False,1,Q2 (Nov-Jan)
2025-01-15,2024/2025,Leicester City,Crystal Palace,H,A,0.1827,4.0,-1.0,False,1,Q2 (Nov-Jan)
2025-01-16,2024/2025,Manchester United,Southampton,A,H,0.2451,11.0,-1.0,False,1,Q2 (Nov-Jan)
2025-01-16,2024/2025,Ipswich Town,Brighton & Hove Albion,H,A,0.1823,4.0,-1.0,False,1,Q2 (Nov-Jan)
2025-01-18,2024/2025,Leicester City,Fulham,H,A,0.2086,4.5,-1.0,False,1,Q2 (Nov-Jan)
2025-01-18,2024/2025,Arsenal,Aston Villa,A,D,0.1976,7.2,-1.0,False,1,Q2 (Nov-Jan)
2025-01-18,2024/2025,Newcastle United,Bournemouth,A,A,0.1512,5.4,4.4,True,1,Q2 (Nov-Jan)
2025-01-18,2024/2025,Brentford,Liverpool,H,A,0.2922,7.2,-1.0,False,1,Q2 (Nov-Jan)
2025-01-18,2024/2025,West Ham United,Crystal Palace,H,A,0.0672,2.74,-1.0,False,1,Q2 (Nov-Jan)
2025-01-19,2024/2025,Nottingham Forest,Southampton,A,H,0.2201,8.6,-1.0,False,1,Q2 (Nov-Jan)
2025-01-19,2024/2025,Everton,Tottenham Hotspur,H,H,0.0874,2.9,1.9,True,1,Q2 (Nov-Jan)
2025-01-19,2024/2025,Ipswich Town,Manchester City,H,A,0.3176,8.8,-1.0,False,1,Q2 (Nov-Jan)
2025-01-19,2024/2025,Manchester United,Brighton & Hove Albion,A,A,0.0631,3.65,2.65,True,1,Q2 (Nov-Jan)
2025-01-20,2024/2025,Chelsea,Wolverhampton Wanderers,A,H,0.2138,8.2,-1.0,False,1,Q2 (Nov-Jan)
2025-01-25,2024/2025,Southampton,Newcastle United,H,A,0.2995,7.6,-1.0,False,1,Q2 (Nov-Jan)
2025-01-25,2024/2025,Wolverhampton Wanderers,Arsenal,H,A,0.2991,7.6,-1.0,False,1,Q2 (Nov-Jan)
2025-01-25,2024/2025,Brighton & Hove Albion,Everton,A,A,0.1638,5.8,4.8,True,1,Q2 (Nov-Jan)
2025-01-25,2024/2025,Liverpool,Ipswich Town,A,H,0.2971,26.0,-1.0,False,1,Q2 (Nov-Jan)
2025-01-25,2024/2025,Manchester City,Chelsea,A,H,0.0528,3.5,-1.0,False,1,Q2 (Nov-Jan)
2025-01-25,2024/2025,Bournemouth,Nottingham Forest,A,H,0.0638,3.65,-1.0,False,1,Q2 (Nov-Jan)
2025-01-26,2024/2025,Crystal Palace,Brentford,A,A,0.0649,3.65,2.65,True,1,Q2 (Nov-Jan)
2025-01-26,2024/2025,Fulham,Manchester United,A,A,0.0299,3.25,2.25,True,1,Q2 (Nov-Jan)
2025-01-26,2024/2025,Tottenham Hotspur,Leicester City,A,A,0.1803,6.4,5.4,True,1,Q2 (Nov-Jan)
2025-01-26,2024/2025,Aston Villa,West Ham United,A,D,0.175,6.2,-1.0,False,1,Q2 (Nov-Jan)
2025-02-01,2024/2025,Wolverhampton Wanderers,Aston Villa,H,H,0.1506,3.55,2.55,True,2,Q3 (Feb-Mar)
2025-02-01,2024/2025,Everton,Leicester City,A,H,0.1363,5.0,-1.0,False,2,Q3 (Feb-Mar)
2025-02-01,2024/2025,Newcastle United,Fulham,A,A,0.1379,5.0,4.0,True,2,Q3 (Feb-Mar)
2025-02-01,2024/2025,Ipswich Town,Southampton,A,A,0.087,4.0,3.0,True,2,Q3 (Feb-Mar)
2025-02-01,2024/2025,Nottingham Forest,Brighton & Hove Albion,H,H,0.0397,2.56,1.56,True,2,Q3 (Feb-Mar)
2025-02-01,2024/2025,Bournemouth,Liverpool,H,A,0.2234,4.8,-1.0,False,2,Q3 (Feb-Mar)
2025-02-02,2024/2025,Manchester United,Crystal Palace,A,A,0.0923,4.1,3.1,True,2,Q3 (Feb-Mar)
2025-02-02,2024/2025,Brentford,Tottenham Hotspur,A,A,0.0293,3.25,2.25,True,2,Q3 (Feb-Mar)
2025-02-02,2024/2025,Arsenal,Manchester City,A,H,0.0948,4.1,-1.0,False,2,Q3 (Feb-Mar)
2025-02-03,2024/2025,Chelsea,West Ham United,A,H,0.2196,8.6,-1.0,False,2,Q3 (Feb-Mar)
2025-02-12,2024/2025,Everton,Liverpool,H,D,0.3054,8.0,-1.0,False,2,Q3 (Feb-Mar)
2025-02-14,2024/2025,Brighton & Hove Albion,Chelsea,H,H,0.0982,3.0,2.0,True,2,Q3 (Feb-Mar)
2025-02-15,2024/2025,Southampton,Bournemouth,H,A,0.2707,6.2,-1.0,False,2,Q3 (Feb-Mar)
2025-02-15,2024/2025,Manchester City,Newcastle United,A,H,0.0634,3.65,-1.0,False,2,Q3 (Feb-Mar)
2025-02-15,2024/2025,Crystal Palace,Everton,A,A,0.1442,5.2,4.2,True,2,Q3 (Feb-Mar)
2025-02-15,2024/2025,Fulham,Nottingham Forest,A,H,0.0568,3.55,-1.0,False,2,Q3 (Feb-Mar)
2025-02-15,2024/2025,Leicester City,Arsenal,H,A,0.3402,11.0,-1.0,False,2,Q3 (Feb-Mar)
2025-02-15,2024/2025,Aston Villa,Ipswich Town,A,D,0.2141,8.2,-1.0,False,2,Q3 (Feb-Mar)
2025-02-15,2024/2025,West Ham United,Brentford,H,A,0.0293,2.48,-1.0,False,2,Q3 (Feb-Mar)
2025-02-16,2024/2025,Liverpool,Wolverhampton Wanderers,A,H,0.2714,15.5,-1.0,False,2,Q3 (Feb-Mar)
2025-02-16,2024/2025,Tottenham Hotspur,Manchester United,H,H,0.0308,2.48,1.48,True,2,Q3 (Feb-Mar)
2025-02-19,2024/2025,Aston Villa,Liverpool,H,D,0.1885,4.1,-1.0,False,2,Q3 (Feb-Mar)
2025-02-21,2024/2025,Leicester City,Brentford,H,A,0.1755,3.9,-1.0,False,2,Q3 (Feb-Mar)
2025-02-22,2024/2025,Southampton,Brighton & Hove Albion,H,A,0.2696,6.2,-1.0,False,2,Q3 (Feb-Mar)
2025-02-22,2024/2025,Everton,Manchester United,H,D,0.0604,2.68,-1.0,False,2,Q3 (Feb-Mar)
2025-02-22,2024/2025,Ipswich Town,Tottenham Hotspur,H,A,0.1937,4.2,-1.0,False,2,Q3 (Feb-Mar)
2025-02-22,2024/2025,Fulham,Crystal Palace,A,A,0.0817,3.9,2.9,True,2,Q3 (Feb-Mar)
2025-02-22,2024/2025,Arsenal,West Ham United,A,A,0.2594,13.0,12.0,True,2,Q3 (Feb-Mar)
2025-02-22,2024/2025,Aston Villa,Chelsea,H,H,0.0614,2.7,1.7,True,2,Q3 (Feb-Mar)
2025-02-22,2024/2025,Bournemouth,Wolverhampton Wanderers,A,A,0.1706,6.0,5.0,True,2,Q3 (Feb-Mar)
2025-02-23,2024/2025,Newcastle United,Nottingham Forest,A,H,0.1116,4.4,-1.0,False,2,Q3 (Feb-Mar)
2025-02-23,2024/2025,Manchester City,Liverpool,H,A,0.0997,3.0,-1.0,False,2,Q3 (Feb-Mar)
2025-02-25,2024/2025,Wolverhampton Wanderers,Fulham,H,A,0.0755,2.8,-1.0,False,2,Q3 (Feb-Mar)
2025-02-25,2024/2025,Crystal Palace,Aston Villa,H,H,0.0532,2.64,1.64,True,2,Q3 (Feb-Mar)
2025-02-25,2024/2025,Brighton & Hove Albion,Bournemouth,A,H,0.0516,3.5,-1.0,False,2,Q3 (Feb-Mar)
2025-02-25,2024/2025,Chelsea,Southampton,A,H,0.2785,17.5,-1.0,False,2,Q3 (Feb-Mar)
2025-02-26,2024/2025,Brentford,Everton,A,D,0.0705,3.75,-1.0,False,2,Q3 (Feb-Mar)
2025-02-26,2024/2025,Liverpool,Newcastle United,A,H,0.1748,6.2,-1.0,False,2,Q3 (Feb-Mar)
2025-02-26,2024/2025,Nottingham Forest,Arsenal,H,D,0.1872,4.1,-1.0,False,2,Q3 (Feb-Mar)
2025-02-26,2024/2025,Manchester United,Ipswich Town,A,H,0.1842,6.6,-1.0,False,2,Q3 (Feb-Mar)
2025-02-26,2024/2025,Tottenham Hotspur,Manchester City,H,A,0.1416,3.45,-1.0,False,2,Q3 (Feb-Mar)
2025-02-27,2024/2025,West Ham United,Leicester City,A,H,0.1552,5.5,-1.0,False,2,Q3 (Feb-Mar)
2025-03-08,2024/2025,Brentford,Aston Villa,A,A,0.0104,3.05,2.05,True,3,Q3 (Feb-Mar)
2025-03-08,2024/2025,Crystal Palace,Ipswich Town,A,H,0.2012,7.4,-1.0,False,3,Q3 (Feb-Mar)
2025-03-08,2024/2025,Liverpool,Southampton,A,H,0.2904,22.0,-1.0,False,3,Q3 (Feb-Mar)
2025-03-08,2024/2025,Wolverhampton Wanderers,Everton,H,D,0.075,2.8,-1.0,False,3,Q3 (Feb-Mar)
2025-03-08,2024/2025,Brighton & Hove Albion,Fulham,A,H,0.0846,3.95,-1.0,False,3,Q3 (Feb-Mar)
2025-03-08,2024/2025,Nottingham Forest,Manchester City,H,H,0.1886,4.1,3.1,True,3,Q3 (Feb-Mar)
2025-03-09,2024/2025,Chelsea,Leicester City,A,H,0.2645,14.0,-1.0,False,3,Q3 (Feb-Mar)
2025-03-09,2024/2025,Tottenham Hotspur,Bournemouth,H,D,0.0812,2.84,-1.0,False,3,Q3 (Feb-Mar)
2025-03-09,2024/2025,Manchester United,Arsenal,H,D,0.2645,6.0,-1.0,False,3,Q3 (Feb-Mar)
2025-03-10,2024/2025,West Ham United,Newcastle United,H,A,0.1351,3.35,-1.0,False,3,Q3 (Feb-Mar)
2025-03-15,2024/2025,Bournemouth,Brentford,A,A,0.1156,4.5,3.5,True,3,Q3 (Feb-Mar)
2025-03-15,2024/2025,Ipswich Town,Nottingham Forest,H,A,0.1829,4.0,-1.0,False,3,Q3 (Feb-Mar)
2025-03-15,2024/2025,Southampton,Wolverhampton Wanderers,H,A,0.178,3.95,-1.0,False,3,Q3 (Feb-Mar)
2025-03-15,2024/2025,Manchester City,Brighton & Hove Albion,A,D,0.1367,5.0,-1.0,False,3,Q3 (Feb-Mar)
2025-03-15,2024/2025,Everton,West Ham United,A,D,0.0874,4.0,-1.0,False,3,Q3 (Feb-Mar)
2025-03-16,2024/2025,Arsenal,Chelsea,A,H,0.1277,4.8,-1.0,False,3,Q3 (Feb-Mar)
2025-03-16,2024/2025,Fulham,Tottenham Hotspur,A,H,0.0664,3.7,-1.0,False,3,Q3 (Feb-Mar)
2025-03-16,2024/2025,Leicester City,Manchester United,H,A,0.2148,4.6,-1.0,False,3,Q3 (Feb-Mar)
2025-04-01,2024/2025,Arsenal,Fulham,A,H,0.2251,9.0,-1.0,False,4,Q4 (Apr-May)
2025-04-01,2024/2025,Nottingham Forest,Manchester United,A,H,0.0352,3.3,-1.0,False,4,Q4 (Apr-May)
2025-04-01,2024/2025,Wolverhampton Wanderers,West Ham United,H,H,0.0569,2.66,1.66,True,4,Q4 (Apr-May)
2025-04-02,2024/2025,Bournemouth,Ipswich Town,A,A,0.2198,8.6,7.6,True,4,Q4 (Apr-May)
2025-04-02,2024/2025,Brighton & Hove Albion,Aston Villa,A,A,0.042,3.4,2.4,True,4,Q4 (Apr-May)
2025-04-02,2024/2025,Manchester City,Leicester City,A,H,0.2691,15.0,-1.0,False,4,Q4 (Apr-May)
2025-04-02,2024/2025,Southampton,Crystal Palace,H,D,0.2699,6.2,-1.0,False,4,Q4 (Apr-May)
2025-04-02,2024/2025,Newcastle United,Brentford,A,H,0.1137,4.5,-1.0,False,4,Q4 (Apr-May)
2025-04-02,2024/2025,Liverpool,Everton,A,H,0.2408,10.5,-1.0,False,4,Q4 (Apr-May)
2025-04-03,2024/2025,Chelsea,Tottenham Hotspur,A,H,0.1283,4.8,-1.0,False,4,Q4 (Apr-May)
2025-04-05,2024/2025,Everton,Arsenal,H,D,0.2582,5.8,-1.0,False,4,Q4 (Apr-May)
2025-04-05,2024/2025,Crystal Palace,Brighton & Hove Albion,H,H,0.0325,2.5,1.5,True,4,Q4 (Apr-May)
2025-04-05,2024/2025,Ipswich Town,Wolverhampton Wanderers,H,A,0.0812,2.84,-1.0,False,4,Q4 (Apr-May)
2025-04-05,2024/2025,West Ham United,Bournemouth,H,D,0.1089,3.1,-1.0,False,4,Q4 (Apr-May)
2025-04-05,2024/2025,Aston Villa,Nottingham Forest,A,H,0.0849,3.95,-1.0,False,4,Q4 (Apr-May)
2025-04-06,2024/2025,Brentford,Chelsea,H,D,0.1386,3.4,-1.0,False,4,Q4 (Apr-May)
2025-04-06,2024/2025,Tottenham Hotspur,Southampton,A,H,0.2047,7.6,-1.0,False,4,Q4 (Apr-May)
2025-04-06,2024/2025,Fulham,Liverpool,H,H,0.2129,4.6,3.6,True,4,Q4 (Apr-May)
2025-04-06,2024/2025,Manchester United,Manchester City,H,D,0.1465,3.5,-1.0,False,4,Q4 (Apr-May)
2025-04-07,2024/2025,Leicester City,Newcastle United,H,A,0.2927,7.2,-1.0,False,4,Q4 (Apr-May)
2025-04-12,2024/2025,Brighton & Hove Albion,Leicester City,A,D,0.256,12.5,-1.0,False,4,Q4 (Apr-May)
2025-04-12,2024/2025,Arsenal,Brentford,A,D,0.1648,5.8,-1.0,False,4,Q4 (Apr-May)
2025-04-12,2024/2025,Southampton,Aston Villa,H,A,0.2708,6.2,-1.0,False,4,Q4 (Apr-May)
2025-04-12,2024/2025,Manchester City,Crystal Palace,A,H,0.1802,6.4,-1.0,False,4,Q4 (Apr-May)
2025-04-12,2024/2025,Nottingham Forest,Everton,A,A,0.0873,4.0,3.0,True,4,Q4 (Apr-May)
2025-04-13,2024/2025,Chelsea,Ipswich Town,A,D,0.2414,10.5,-1.0,False,4,Q4 (Apr-May)
2025-04-13,2024/2025,Liverpool,West Ham United,A,H,0.2451,11.0,-1.0,False,4,Q4 (Apr-May)
2025-04-13,2024/2025,Newcastle United,Manchester United,A,H,0.1552,5.5,-1.0,False,4,Q4 (Apr-May)
2025-04-13,2024/2025,Wolverhampton Wanderers,Tottenham Hotspur,A,H,0.0393,3.35,-1.0,False,4,Q4 (Apr-May)
2025-04-14,2024/2025,Bournemouth,Fulham,A,H,0.0567,3.55,-1.0,False,4,Q4 (Apr-May)
2025-04-16,2024/2025,Newcastle United,Crystal Palace,A,H,0.1477,5.3,-1.0,False,4,Q4 (Apr-May)
2025-04-19,2024/2025,West Ham United,Southampton,A,D,0.1935,7.0,-1.0,False,4,Q4 (Apr-May)
2025-04-19,2024/2025,Aston Villa,Newcastle United,H,H,0.0279,2.46,1.46,True,4,Q4 (Apr-May)
2025-04-19,2024/2025,Crystal Palace,Bournemouth,H,D,0.0575,2.66,-1.0,False,4,Q4 (Apr-May)
2025-04-19,2024/2025,Brentford,Brighton & Hove Albion,H,H,0.047,2.6,1.6,True,4,Q4 (Apr-May)
2025-04-19,2024/2025,Everton,Manchester City,H,A,0.1877,4.1,-1.0,False,4,Q4 (Apr-May)
2025-04-20,2024/2025,Fulham,Chelsea,H,A,0.0968,2.98,-1.0,False,4,Q4 (Apr-May)
2025-04-20,2024/2025,Leicester City,Liverpool,H,A,0.3567,13.5,-1.0,False,4,Q4 (Apr-May)
2025-04-20,2024/2025,Ipswich Town,Arsenal,H,A,0.3219,9.2,-1.0,False,4,Q4 (Apr-May)
2025-04-20,2024/2025,Manchester United,Wolverhampton Wanderers,A,A,0.0808,3.9,2.9,True,4,Q4 (Apr-May)
2025-04-21,2024/2025,Tottenham Hotspur,Nottingham Forest,H,A,0.0485,2.6,-1.0,False,4,Q4 (Apr-May)
2025-04-22,2024/2025,Manchester City,Aston Villa,A,H,0.0937,4.1,-1.0,False,4,Q4 (Apr-May)
2025-04-23,2024/2025,Arsenal,Crystal Palace,A,D,0.2343,9.8,-1.0,False,4,Q4 (Apr-May)
2025-04-26,2024/2025,Southampton,Fulham,H,A,0.2585,5.8,-1.0,False,4,Q4 (Apr-May)
2025-04-26,2024/2025,Wolverhampton Wanderers,Leicester City,A,H,0.189,6.8,-1.0,False,4,Q4 (Apr-May)
2025-04-26,2024/2025,Chelsea,Everton,A,H,0.1851,6.6,-1.0,False,4,Q4 (Apr-May)
2025-04-26,2024/2025,Brighton & Hove Albion,West Ham United,A,H,0.14,5.1,-1.0,False,4,Q4 (Apr-May)
2025-04-26,2024/2025,Newcastle United,Ipswich Town,A,H,0.2801,18.0,-1.0,False,4,Q4 (Apr-May)
2025-04-27,2024/2025,Liverpool,Tottenham Hotspur,A,H,0.2498,11.5,-1.0,False,4,Q4 (Apr-May)
2025-04-27,2024/2025,Bournemouth,Manchester United,A,D,0.1383,5.0,-1.0,False,4,Q4 (Apr-May)
2025-05-01,2024/2025,Nottingham Forest,Brentford,A,A,0.0465,3.45,2.45,True,5,Q4 (Apr-May)
2025-05-02,2024/2025,Manchester City,Wolverhampton Wanderers,A,H,0.2198,8.6,-1.0,False,5,Q4 (Apr-May)
2025-05-03,2024/2025,Leicester City,Southampton,H,H,0.0222,2.44,1.44,True,5,Q4 (Apr-May)
2025-05-03,2024/2025,Aston Villa,Fulham,A,H,0.1241,4.7,-1.0,False,5,Q4 (Apr-May)
2025-05-03,2024/2025,Arsenal,Bournemouth,A,A,0.0636,3.65,2.65,True,5,Q4 (Apr-May)
2025-05-03,2024/2025,Everton,Ipswich Town,A,D,0.2112,8.0,-1.0,False,5,Q4 (Apr-May)
2025-05-04,2024/2025,West Ham United,Tottenham Hotspur,A,D,0.0535,3.5,-1.0,False,5,Q4 (Apr-May)
2025-05-04,2024/2025,Brighton & Hove Albion,Newcastle United,H,D,0.0934,2.94,-1.0,False,5,Q4 (Apr-May)
2025-05-04,2024/2025,Chelsea,Liverpool,A,H,0.0343,3.3,-1.0,False,5,Q4 (Apr-May)
2025-05-04,2024/2025,Brentford,Manchester United,A,H,0.1325,4.9,-1.0,False,5,Q4 (Apr-May)
2025-05-05,2024/2025,Crystal Palace,Nottingham Forest,A,D,0.0396,3.35,-1.0,False,5,Q4 (Apr-May)
2025-05-10,2024/2025,Wolverhampton Wanderers,Brighton & Hove Albion,H,A,0.0945,2.96,-1.0,False,5,Q4 (Apr-May)
2025-05-10,2024/2025,Southampton,Manchester City,H,D,0.3638,15.0,-1.0,False,5,Q4 (Apr-May)
2025-05-10,2024/2025,Ipswich Town,Brentford,H,A,0.2519,5.6,-1.0,False,5,Q4 (Apr-May)
2025-05-10,2024/2025,Fulham,Everton,A,A,0.1324,4.9,3.9,True,5,Q4 (Apr-May)
2025-05-10,2024/2025,Bournemouth,Aston Villa,H,A,0.0457,2.58,-1.0,False,5,Q4 (Apr-May)
2025-05-11,2024/2025,Tottenham Hotspur,Crystal Palace,H,A,0.08,2.82,-1.0,False,5,Q4 (Apr-May)
2025-05-11,2024/2025,Manchester United,West Ham United,A,A,0.0792,3.85,2.85,True,5,Q4 (Apr-May)
2025-05-11,2024/2025,Nottingham Forest,Leicester City,A,D,0.2359,10.0,-1.0,False,5,Q4 (Apr-May)
2025-05-11,2024/2025,Newcastle United,Chelsea,A,H,0.033,3.3,-1.0,False,5,Q4 (Apr-May)
2025-05-11,2024/2025,Liverpool,Arsenal,A,D,0.0527,3.5,-1.0,False,5,Q4 (Apr-May)
2025-05-16,2024/2025,Aston Villa,Tottenham Hotspur,A,H,0.2321,9.6,-1.0,False,5,Q4 (Apr-May)
2025-05-16,2024/2025,Chelsea,Manchester United,A,H,0.1976,7.2,-1.0,False,5,Q4 (Apr-May)
2025-05-18,2024/2025,Leicester City,Ipswich Town,A,H,0.0171,3.1,-1.0,False,5,Q4 (Apr-May)
2025-05-18,2024/2025,Brentford,Fulham,A,A,0.0814,3.9,2.9,True,5,Q4 (Apr-May)
2025-05-18,2024/2025,Arsenal,Newcastle United,A,H,0.0873,4.0,-1.0,False,5,Q4 (Apr-May)
2025-05-18,2024/2025,West Ham United,Nottingham Forest,H,A,0.0902,2.92,-1.0,False,5,Q4 (Apr-May)
2025-05-18,2024/2025,Everton,Southampton,A,H,0.223,8.8,-1.0,False,5,Q4 (Apr-May)
2025-05-19,2024/2025,Brighton & Hove Albion,Liverpool,H,H,0.0707,2.74,1.74,True,5,Q4 (Apr-May)
2025-05-20,2024/2025,Crystal Palace,Wolverhampton Wanderers,A,H,0.0398,3.35,-1.0,False,5,Q4 (Apr-May)
2025-05-20,2024/2025,Manchester City,Bournemouth,A,H,0.176,6.2,-1.0,False,5,Q4 (Apr-May)
2025-05-25,2024/2025,Fulham,Manchester City,H,A,0.2527,5.6,-1.0,False,5,Q4 (Apr-May)
2025-05-25,2024/2025,Tottenham Hotspur,Brighton & Hove Albion,H,A,0.2056,4.4,-1.0,False,5,Q4 (Apr-May)
2025-05-25,2024/2025,Liverpool,Crystal Palace,A,D,0.1933,7.0,-1.0,False,5,Q4 (Apr-May)
2025-05-25,2024/2025,Ipswich Town,West Ham United,H,A,0.1167,3.15,-1.0,False,5,Q4 (Apr-May)
2025-05-25,2024/2025,Bournemouth,Leicester City,A,H,0.2321,9.6,-1.0,False,5,Q4 (Apr-May)
2025-05-25,2024/2025,Manchester United,Aston Villa,H,H,0.2184,4.7,3.7,True,5,Q4 (Apr-May)
2025-05-25,2024/2025,Wolverhampton Wanderers,Brentford,H,D,0.0817,2.86,-1.0,False,5,Q4 (Apr-May)
2025-05-25,2024/2025,Southampton,Arsenal,H,A,0.3439,11.5,-1.0,False,5,Q4 (Apr-May)
2025-05-25,2024/2025,Nottingham Forest,Chelsea,H,A,0.129,3.3,-1.0,False,5,Q4 (Apr-May)
2025-05-25,2024/2025,Newcastle United,Everton,A,A,0.2321,9.6,8.6,True,5,Q4 (Apr-May)
2025-08-15,2025/2026,Liverpool,Bournemouth,A,H,0.2296,9.4,-1.0,False,8,Q1 (Aug-Oct)
2025-08-16,2025/2026,Brighton & Hove Albion,Fulham,A,D,0.0976,4.2,-1.0,False,8,Q1 (Aug-Oct)
2025-08-16,2025/2026,Aston Villa,Newcastle United,H,D,0.0161,2.4,-1.0,False,8,Q1 (Aug-Oct)
2025-08-16,2025/2026,Wolverhampton Wanderers,Manchester City,H,A,0.2962,7.4,-1.0,False,8,Q1 (Aug-Oct)
2025-08-17,2025/2026,Manchester United,Arsenal,H,A,0.176,3.9,-1.0,False,8,Q1 (Aug-Oct)
2025-08-17,2025/2026,Nottingham Forest,Brentford,A,H,0.0566,3.55,-1.0,False,8,Q1 (Aug-Oct)
2025-08-17,2025/2026,Chelsea,Crystal Palace,A,D,0.1515,5.4,-1.0,False,8,Q1 (Aug-Oct)
2025-08-22,2025/2026,West Ham United,Chelsea,H,A,0.2357,5.1,-1.0,False,8,Q1 (Aug-Oct)
2025-08-23,2025/2026,Bournemouth,Wolverhampton Wanderers,A,H,0.1199,4.6,-1.0,False,8,Q1 (Aug-Oct)
2025-08-23,2025/2026,Manchester City,Tottenham Hotspur,A,A,0.1849,6.6,5.6,True,8,Q1 (Aug-Oct)
2025-08-23,2025/2026,Brentford,Aston Villa,H,H,0.1286,3.3,2.3,True,8,Q1 (Aug-Oct)
2025-08-24,2025/2026,Everton,Brighton & Hove Albion,H,H,0.1249,3.25,2.25,True,8,Q1 (Aug-Oct)
2025-08-24,2025/2026,Fulham,Manchester United,H,D,0.1463,3.5,-1.0,False,8,Q1 (Aug-Oct)
2025-08-24,2025/2026,Crystal Palace,Nottingham Forest,A,D,0.0317,3.25,-1.0,False,8,Q1 (Aug-Oct)
2025-08-25,2025/2026,Newcastle United,Liverpool,H,A,0.1446,3.45,-1.0,False,8,Q1 (Aug-Oct)
2025-08-30,2025/2026,Wolverhampton Wanderers,Everton,H,A,0.0871,2.9,-1.0,False,8,Q1 (Aug-Oct)
2025-08-30,2025/2026,Chelsea,Fulham,A,H,0.1708,6.0,-1.0,False,8,Q1 (Aug-Oct)
2025-08-30,2025/2026,Tottenham Hotspur,Bournemouth,A,A,0.12,4.6,3.6,True,8,Q1 (Aug-Oct)
2025-08-31,2025/2026,Nottingham Forest,West Ham United,A,A,0.1561,5.5,4.5,True,8,Q1 (Aug-Oct)
2025-08-31,2025/2026,Brighton & Hove Albion,Manchester City,H,H,0.1835,4.0,3.0,True,8,Q1 (Aug-Oct)
2025-08-31,2025/2026,Liverpool,Arsenal,A,H,0.0486,3.45,-1.0,False,8,Q1 (Aug-Oct)
2025-08-31,2025/2026,Aston Villa,Crystal Palace,A,A,0.1171,4.5,3.5,True,8,Q1 (Aug-Oct)
2025-09-13,2025/2026,Brentford,Chelsea,H,D,0.2269,4.9,-1.0,False,9,Q1 (Aug-Oct)
2025-09-13,2025/2026,Everton,Aston Villa,H,D,0.0387,2.54,-1.0,False,9,Q1 (Aug-Oct)
2025-09-13,2025/2026,West Ham United,Tottenham Hotspur,H,A,0.1546,3.6,-1.0,False,9,Q1 (Aug-Oct)
2025-09-13,2025/2026,Bournemouth,Brighton & Hove Albion,H,H,0.0271,2.46,1.46,True,9,Q1 (Aug-Oct)
2025-09-13,2025/2026,Newcastle United,Wolverhampton Wanderers,A,H,0.2144,8.2,-1.0,False,9,Q1 (Aug-Oct)
2025-09-13,2025/2026,Arsenal,Nottingham Forest,A,H,0.2321,9.6,-1.0,False,9,Q1 (Aug-Oct)
2025-09-14,2025/2026,Manchester City,Manchester United,A,H,0.1205,4.6,-1.0,False,9,Q1 (Aug-Oct)
2025-09-20,2025/2026,Brighton & Hove Albion,Tottenham Hotspur,A,D,0.0206,3.15,-1.0,False,9,Q1 (Aug-Oct)
2025-09-20,2025/2026,Manchester United,Chelsea,H,H,0.0759,2.8,1.8,True,9,Q1 (Aug-Oct)
2025-09-20,2025/2026,West Ham United,Crystal Palace,H,A,0.1151,3.15,-1.0,False,9,Q1 (Aug-Oct)
2025-09-20,2025/2026,Fulham,Brentford,A,H,0.0887,4.0,-1.0,False,9,Q1 (Aug-Oct)
2025-09-20,2025/2026,Liverpool,Everton,A,H,0.2106,8.0,-1.0,False,9,Q1 (Aug-Oct)
2025-09-21,2025/2026,Arsenal,Manchester City,A,D,0.0944,4.1,-1.0,False,9,Q1 (Aug-Oct)
2025-09-21,2025/2026,Bournemouth,Newcastle United,H,D,0.0375,2.52,-1.0,False,9,Q1 (Aug-Oct)
2025-09-27,2025/2026,Tottenham Hotspur,Wolverhampton Wanderers,A,D,0.1975,7.2,-1.0,False,9,Q1 (Aug-Oct)
2025-09-27,2025/2026,Crystal Palace,Liverpool,H,H,0.1935,4.2,3.2,True,9,Q1 (Aug-Oct)
2025-09-27,2025/2026,Brentford,Manchester United,H,H,0.1611,3.7,2.7,True,9,Q1 (Aug-Oct)
2025-09-27,2025/2026,Chelsea,Brighton & Hove Albion,A,A,0.0927,4.1,3.1,True,9,Q1 (Aug-Oct)
2025-09-28,2025/2026,Aston Villa,Fulham,A,H,0.0594,3.6,-1.0,False,9,Q1 (Aug-Oct)
2025-09-28,2025/2026,Newcastle United,Arsenal,H,A,0.1644,3.75,-1.0,False,9,Q1 (Aug-Oct)
2025-09-29,2025/2026,Everton,West Ham United,A,D,0.1567,5.5,-1.0,False,9,Q1 (Aug-Oct)
2025-10-03,2025/2026,Bournemouth,Fulham,A,H,0.0925,4.1,-1.0,False,10,Q1 (Aug-Oct)
2025-10-04,2025/2026,Arsenal,West Ham United,A,H,0.2787,17.5,-1.0,False,10,Q1 (Aug-Oct)
2025-10-04,2025/2026,Chelsea,Liverpool,H,H,0.099,3.0,2.0,True,10,Q1 (Aug-Oct)
2025-10-05,2025/2026,Newcastle United,Nottingham Forest,A,H,0.1763,6.2,-1.0,False,10,Q1 (Aug-Oct)
2025-10-05,2025/2026,Everton,Crystal Palace,H,H,0.0496,2.6,1.6,True,10,Q1 (Aug-Oct)
2025-10-05,2025/2026,Wolverhampton Wanderers,Brighton & Hove Albion,H,D,0.1715,3.85,-1.0,False,10,Q1 (Aug-Oct)
2025-10-05,2025/2026,Brentford,Manchester City,H,A,0.2396,5.2,-1.0,False,10,Q1 (Aug-Oct)
2025-10-18,2025/2026,Crystal Palace,Bournemouth,A,D,0.0517,3.5,-1.0,False,10,Q1 (Aug-Oct)
2025-10-18,2025/2026,Fulham,Arsenal,H,A,0.2841,6.8,-1.0,False,10,Q1 (Aug-Oct)
2025-10-18,2025/2026,Manchester City,Everton,A,H,0.2227,8.8,-1.0,False,10,Q1 (Aug-Oct)
2025-10-18,2025/2026,Brighton & Hove Albion,Newcastle United,H,H,0.0786,2.82,1.82,True,10,Q1 (Aug-Oct)
2025-10-18,2025/2026,Nottingham Forest,Chelsea,H,A,0.1751,3.9,-1.0,False,10,Q1 (Aug-Oct)
2025-10-19,2025/2026,Tottenham Hotspur,Aston Villa,A,A,0.0589,3.6,2.6,True,10,Q1 (Aug-Oct)
2025-10-19,2025/2026,Liverpool,Manchester United,A,A,0.1554,5.5,4.5,True,10,Q1 (Aug-Oct)
2025-10-20,2025/2026,West Ham United,Brentford,H,A,0.0585,2.68,-1.0,False,10,Q1 (Aug-Oct)
2025-10-25,2025/2026,Manchester United,Brighton & Hove Albion,A,H,0.0668,3.7,-1.0,False,10,Q1 (Aug-Oct)
2025-10-25,2025/2026,Brentford,Liverpool,H,H,0.2109,4.5,3.5,True,10,Q1 (Aug-Oct)
2025-10-25,2025/2026,Newcastle United,Fulham,A,H,0.1699,6.0,-1.0,False,10,Q1 (Aug-Oct)
2025-10-26,2025/2026,Bournemouth,Nottingham Forest,A,H,0.1205,4.6,-1.0,False,10,Q1 (Aug-Oct)
2025-10-26,2025/2026,Arsenal,Crystal Palace,A,H,0.2205,8.6,-1.0,False,10,Q1 (Aug-Oct)
2025-10-26,2025/2026,Aston Villa,Manchester City,H,H,0.2146,4.6,3.6,True,10,Q1 (Aug-Oct)
2025-10-26,2025/2026,Everton,Tottenham Hotspur,A,A,0.0279,3.2,2.2,True,10,Q1 (Aug-Oct)
2025-11-01,2025/2026,Fulham,Wolverhampton Wanderers,A,H,0.1281,4.8,-1.0,False,11,Q2 (Nov-Jan)
2025-11-01,2025/2026,Liverpool,Aston Villa,A,H,0.1451,5.2,-1.0,False,11,Q2 (Nov-Jan)
2025-11-01,2025/2026,Crystal Palace,Brentford,A,H,0.0984,4.2,-1.0,False,11,Q2 (Nov-Jan)
2025-11-01,2025/2026,Tottenham Hotspur,Chelsea,H,A,0.0841,2.88,-1.0,False,11,Q2 (Nov-Jan)
2025-11-01,2025/2026,Nottingham Forest,Manchester United,H,D,0.1581,3.65,-1.0,False,11,Q2 (Nov-Jan)
2025-11-02,2025/2026,West Ham United,Newcastle United,H,H,0.2465,5.4,4.4,True,11,Q2 (Nov-Jan)
2025-11-02,2025/2026,Manchester City,Bournemouth,A,H,0.1808,6.4,-1.0,False,11,Q2 (Nov-Jan)
2025-11-08,2025/2026,Tottenham Hotspur,Manchester United,H,D,0.0773,2.82,-1.0,False,11,Q2 (Nov-Jan)
2025-11-08,2025/2026,Everton,Fulham,A,H,0.0558,3.55,-1.0,False,11,Q2 (Nov-Jan)
2025-11-08,2025/2026,Chelsea,Wolverhampton Wanderers,A,H,0.23,9.4,-1.0,False,11,Q2 (Nov-Jan)
2025-11-08,2025/2026,Sunderland,Arsenal,H,D,0.3226,9.2,-1.0,False,11,Q2 (Nov-Jan)
2025-11-08,2025/2026,West Ham United,Burnley,A,H,0.1089,4.4,-1.0,False,11,Q2 (Nov-Jan)
2025-11-09,2025/2026,Crystal Palace,Brighton & Hove Albion,A,D,0.0296,3.25,-1.0,False,11,Q2 (Nov-Jan)
2025-11-09,2025/2026,Nottingham Forest,Leeds United,A,H,0.0488,3.45,-1.0,False,11,Q2 (Nov-Jan)
2025-11-09,2025/2026,Brentford,Newcastle United,H,H,0.0948,2.96,1.96,True,11,Q2 (Nov-Jan)
2025-11-09,2025/2026,Manchester City,Liverpool,A,H,0.0879,4.0,-1.0,False,11,Q2 (Nov-Jan)
2025-11-09,2025/2026,Aston Villa,Bournemouth,A,H,0.0475,3.45,-1.0,False,11,Q2 (Nov-Jan)
2025-11-22,2025/2026,Bournemouth,West Ham United,A,D,0.1604,5.7,-1.0,False,11,Q2 (Nov-Jan)
2025-11-22,2025/2026,Burnley,Chelsea,H,A,0.2996,7.6,-1.0,False,11,Q2 (Nov-Jan)
2025-11-22,2025/2026,Newcastle United,Manchester City,H,H,0.1718,3.85,2.85,True,11,Q2 (Nov-Jan)
2025-11-22,2025/2026,Liverpool,Nottingham Forest,A,A,0.2113,8.0,7.0,True,11,Q2 (Nov-Jan)
2025-11-22,2025/2026,Fulham,Sunderland,A,H,0.084,3.95,-1.0,False,11,Q2 (Nov-Jan)
2025-11-22,2025/2026,Brighton & Hove Albion,Brentford,A,H,0.0934,4.1,-1.0,False,11,Q2 (Nov-Jan)
2025-11-22,2025/2026,Wolverhampton Wanderers,Crystal Palace,H,A,0.195,4.2,-1.0,False,11,Q2 (Nov-Jan)
2025-11-23,2025/2026,Leeds United,Aston Villa,H,A,0.1159,3.15,-1.0,False,11,Q2 (Nov-Jan)
2025-11-23,2025/2026,Arsenal,Tottenham Hotspur,A,H,0.2293,9.4,-1.0,False,11,Q2 (Nov-Jan)
2025-11-24,2025/2026,Manchester United,Everton,A,A,0.1289,4.8,3.8,True,11,Q2 (Nov-Jan)
2025-11-29,2025/2026,Tottenham Hotspur,Fulham,A,A,0.0516,3.5,2.5,True,11,Q2 (Nov-Jan)
2025-11-29,2025/2026,Manchester City,Leeds United,A,H,0.2647,14.0,-1.0,False,11,Q2 (Nov-Jan)
2025-11-29,2025/2026,Sunderland,Bournemouth,H,H,0.1236,3.25,2.25,True,11,Q2 (Nov-Jan)
2025-11-29,2025/2026,Everton,Newcastle United,H,A,0.0837,2.86,-1.0,False,11,Q2 (Nov-Jan)
2025-11-29,2025/2026,Brentford,Burnley,A,H,0.2078,7.8,-1.0,False,11,Q2 (Nov-Jan)
2025-11-30,2025/2026,Aston Villa,Wolverhampton Wanderers,A,H,0.198,7.2,-1.0,False,11,Q2 (Nov-Jan)
2025-11-30,2025/2026,Nottingham Forest,Brighton & Hove Albion,H,A,0.0775,2.82,-1.0,False,11,Q2 (Nov-Jan)
2025-11-30,2025/2026,Crystal Palace,Manchester United,A,A,0.0251,3.2,2.2,True,11,Q2 (Nov-Jan)
2025-11-30,2025/2026,Chelsea,Arsenal,H,D,0.1504,3.55,-1.0,False,11,Q2 (Nov-Jan)
2025-11-30,2025/2026,West Ham United,Liverpool,H,A,0.2099,4.5,-1.0,False,11,Q2 (Nov-Jan)
2025-12-02,2025/2026,Bournemouth,Everton,A,A,0.0558,3.55,2.55,True,12,Q2 (Nov-Jan)
2025-12-02,2025/2026,Fulham,Manchester City,H,A,0.2349,5.1,-1.0,False,12,Q2 (Nov-Jan)
2025-12-02,2025/2026,Newcastle United,Tottenham Hotspur,A,D,0.115,4.5,-1.0,False,12,Q2 (Nov-Jan)
2025-12-03,2025/2026,Leeds United,Chelsea,H,H,0.2057,4.4,3.4,True,12,Q2 (Nov-Jan)
2025-12-03,2025/2026,Burnley,Crystal Palace,H,A,0.2265,4.9,-1.0,False,12,Q2 (Nov-Jan)
2025-12-03,2025/2026,Wolverhampton Wanderers,Nottingham Forest,H,A,0.1372,3.4,-1.0,False,12,Q2 (Nov-Jan)
2025-12-03,2025/2026,Brighton & Hove Albion,Aston Villa,A,A,0.0556,3.55,2.55,True,12,Q2 (Nov-Jan)
2025-12-03,2025/2026,Liverpool,Sunderland,A,D,0.2273,9.2,-1.0,False,12,Q2 (Nov-Jan)
2025-12-03,2025/2026,Arsenal,Brentford,A,H,0.2407,10.5,-1.0,False,12,Q2 (Nov-Jan)
2025-12-04,2025/2026,Manchester United,West Ham United,A,D,0.2009,7.4,-1.0,False,12,Q2 (Nov-Jan)
2025-12-06,2025/2026,Manchester City,Sunderland,A,H,0.2591,13.0,-1.0,False,12,Q2 (Nov-Jan)
2025-12-06,2025/2026,Everton,Nottingham Forest,A,H,0.0699,3.75,-1.0,False,12,Q2 (Nov-Jan)
2025-12-06,2025/2026,Tottenham Hotspur,Brentford,A,H,0.0219,3.15,-1.0,False,12,Q2 (Nov-Jan)
2025-12-06,2025/2026,Aston Villa,Arsenal,H,H,0.2047,4.4,3.4,True,12,Q2 (Nov-Jan)
2025-12-06,2025/2026,Newcastle United,Burnley,A,H,0.256,12.5,-1.0,False,12,Q2 (Nov-Jan)
2025-12-06,2025/2026,Bournemouth,Chelsea,H,D,0.1344,3.35,-1.0,False,12,Q2 (Nov-Jan)
2025-12-06,2025/2026,Leeds United,Liverpool,H,D,0.188,4.1,-1.0,False,12,Q2 (Nov-Jan)
2025-12-07,2025/2026,Brighton & Hove Albion,West Ham United,A,D,0.1703,6.0,-1.0,False,12,Q2 (Nov-Jan)
2025-12-07,2025/2026,Fulham,Crystal Palace,H,A,0.0599,2.68,-1.0,False,12,Q2 (Nov-Jan)
2025-12-08,2025/2026,Wolverhampton Wanderers,Manchester United,H,A,0.2076,4.4,-1.0,False,12,Q2 (Nov-Jan)
2025-12-13,2025/2026,Chelsea,Everton,A,H,0.1577,5.6,-1.0,False,12,Q2 (Nov-Jan)
2025-12-13,2025/2026,Liverpool,Brighton & Hove Albion,A,H,0.1366,5.0,-1.0,False,12,Q2 (Nov-Jan)
2025-12-13,2025/2026,Arsenal,Wolverhampton Wanderers,A,H,0.3024,30.0,-1.0,False,12,Q2 (Nov-Jan)
2025-12-13,2025/2026,Burnley,Fulham,H,A,0.1892,4.1,-1.0,False,12,Q2 (Nov-Jan)
2025-12-14,2025/2026,West Ham United,Aston Villa,H,A,0.1733,3.85,-1.0,False,12,Q2 (Nov-Jan)
2025-12-14,2025/2026,Sunderland,Newcastle United,H,H,0.1476,3.5,2.5,True,12,Q2 (Nov-Jan)
2025-12-14,2025/2026,Brentford,Leeds United,A,D,0.093,4.1,-1.0,False,12,Q2 (Nov-Jan)
2025-12-14,2025/2026,Crystal Palace,Manchester City,H,A,0.199,4.3,-1.0,False,12,Q2 (Nov-Jan)
2025-12-14,2025/2026,Nottingham Forest,Tottenham Hotspur,H,H,0.0627,2.7,1.7,True,12,Q2 (Nov-Jan)
2025-12-15,2025/2026,Manchester United,Bournemouth,A,D,0.095,4.1,-1.0,False,12,Q2 (Nov-Jan)
2025-12-20,2025/2026,Everton,Arsenal,H,A,0.2798,6.6,-1.0,False,12,Q2 (Nov-Jan)
2025-12-20,2025/2026,Tottenham Hotspur,Liverpool,H,A,0.151,3.55,-1.0,False,12,Q2 (Nov-Jan)
2025-12-20,2025/2026,Wolverhampton Wanderers,Brentford,H,A,0.1694,3.8,-1.0,False,12,Q2 (Nov-Jan)
2025-12-20,2025/2026,Leeds United,Crystal Palace,H,H,0.0684,2.76,1.76,True,12,Q2 (Nov-Jan)
2025-12-20,2025/2026,Newcastle United,Chelsea,H,D,0.0887,2.9,-1.0,False,12,Q2 (Nov-Jan)
2025-12-20,2025/2026,Manchester City,West Ham United,A,H,0.2673,14.5,-1.0,False,12,Q2 (Nov-Jan)
2025-12-20,2025/2026,Brighton & Hove Albion,Sunderland,A,D,0.1611,5.7,-1.0,False,12,Q2 (Nov-Jan)
2025-12-20,2025/2026,Bournemouth,Burnley,A,D,0.2012,7.4,-1.0,False,12,Q2 (Nov-Jan)
2025-12-21,2025/2026,Aston Villa,Manchester United,A,H,0.0598,3.6,-1.0,False,12,Q2 (Nov-Jan)
2025-12-22,2025/2026,Fulham,Nottingham Forest,H,H,0.0464,2.58,1.58,True,12,Q2 (Nov-Jan)
2025-12-26,2025/2026,Manchester United,Newcastle United,H,H,0.0525,2.64,1.64,True,12,Q2 (Nov-Jan)
2025-12-27,2025/2026,Arsenal,Brighton & Hove Albion,A,H,0.2252,9.0,-1.0,False,12,Q2 (Nov-Jan)
2025-12-27,2025/2026,Chelsea,Aston Villa,A,A,0.1038,4.3,3.3,True,12,Q2 (Nov-Jan)
2025-12-27,2025/2026,West Ham United,Fulham,H,A,0.0759,2.8,-1.0,False,12,Q2 (Nov-Jan)
2025-12-27,2025/2026,Brentford,Bournemouth,A,H,0.024,3.2,-1.0,False,12,Q2 (Nov-Jan)
2025-12-27,2025/2026,Nottingham Forest,Manchester City,H,A,0.2584,5.8,-1.0,False,12,Q2 (Nov-Jan)
2025-12-27,2025/2026,Liverpool,Wolverhampton Wanderers,A,H,0.2644,14.0,-1.0,False,12,Q2 (Nov-Jan)
2025-12-27,2025/2026,Burnley,Everton,H,D,0.1932,4.2,-1.0,False,12,Q2 (Nov-Jan)
2025-12-28,2025/2026,Crystal Palace,Tottenham Hotspur,A,A,0.0467,3.45,2.45,True,12,Q2 (Nov-Jan)
2025-12-28,2025/2026,Sunderland,Leeds United,H,D,0.0598,2.68,-1.0,False,12,Q2 (Nov-Jan)
2025-12-30,2025/2026,Manchester United,Wolverhampton Wanderers,A,D,0.23,9.4,-1.0,False,12,Q2 (Nov-Jan)
2025-12-30,2025/2026,Arsenal,Aston Villa,A,H,0.2112,8.0,-1.0,False,12,Q2 (Nov-Jan)
2025-12-30,2025/2026,West Ham United,Brighton & Hove Albion,H,D,0.1581,3.65,-1.0,False,12,Q2 (Nov-Jan)
2025-12-30,2025/2026,Nottingham Forest,Everton,A,A,0.0875,4.0,3.0,True,12,Q2 (Nov-Jan)
2025-12-30,2025/2026,Chelsea,Bournemouth,A,D,0.1848,6.6,-1.0,False,12,Q2 (Nov-Jan)
2025-12-30,2025/2026,Burnley,Newcastle United,H,A,0.2622,5.9,-1.0,False,12,Q2 (Nov-Jan)
2026-01-01,2025/2026,Sunderland,Manchester City,H,D,0.3172,8.8,-1.0,False,1,Q2 (Nov-Jan)
2026-01-01,2025/2026,Brentford,Tottenham Hotspur,A,D,0.0546,3.55,-1.0,False,1,Q2 (Nov-Jan)
2026-01-01,2025/2026,Liverpool,Leeds United,A,D,0.1842,6.6,-1.0,False,1,Q2 (Nov-Jan)
2026-01-01,2025/2026,Crystal Palace,Fulham,A,D,0.0595,3.6,-1.0,False,1,Q2 (Nov-Jan)
2026-01-03,2025/2026,Wolverhampton Wanderers,West Ham United,H,H,0.0513,2.62,1.62,True,1,Q2 (Nov-Jan)
2026-01-03,2025/2026,Bournemouth,Arsenal,H,A,0.279,6.6,-1.0,False,1,Q2 (Nov-Jan)
2026-01-03,2025/2026,Brighton & Hove Albion,Burnley,A,H,0.2018,7.4,-1.0,False,1,Q2 (Nov-Jan)
2026-01-03,2025/2026,Aston Villa,Nottingham Forest,A,H,0.1373,5.0,-1.0,False,1,Q2 (Nov-Jan)
2026-01-04,2025/2026,Tottenham Hotspur,Sunderland,A,D,0.1284,4.8,-1.0,False,1,Q2 (Nov-Jan)
2026-01-04,2025/2026,Leeds United,Manchester United,H,D,0.0767,2.82,-1.0,False,1,Q2 (Nov-Jan)
2026-01-04,2025/2026,Newcastle United,Crystal Palace,A,H,0.1495,5.3,-1.0,False,1,Q2 (Nov-Jan)
2026-01-04,2025/2026,Fulham,Liverpool,H,D,0.1767,3.9,-1.0,False,1,Q2 (Nov-Jan)
2026-01-04,2025/2026,Manchester City,Chelsea,A,D,0.1403,5.1,-1.0,False,1,Q2 (Nov-Jan)
2026-01-04,2025/2026,Everton,Brentford,H,A,0.0345,2.5,-1.0,False,1,Q2 (Nov-Jan)
2026-01-06,2025/2026,West Ham United,Nottingham Forest,H,A,0.1289,3.3,-1.0,False,1,Q2 (Nov-Jan)
2026-01-07,2025/2026,Everton,Wolverhampton Wanderers,A,D,0.1513,5.4,-1.0,False,1,Q2 (Nov-Jan)
2026-01-07,2025/2026,Bournemouth,Tottenham Hotspur,A,H,0.0479,3.45,-1.0,False,1,Q2 (Nov-Jan)
2026-01-07,2025/2026,Brentford,Sunderland,A,H,0.1234,4.7,-1.0,False,1,Q2 (Nov-Jan)
2026-01-07,2025/2026,Crystal Palace,Aston Villa,H,D,0.1291,3.3,-1.0,False,1,Q2 (Nov-Jan)
2026-01-07,2025/2026,Fulham,Chelsea,H,H,0.1614,3.7,2.7,True,1,Q2 (Nov-Jan)
2026-01-07,2025/2026,Manchester City,Brighton & Hove Albion,A,D,0.2138,8.2,-1.0,False,1,Q2 (Nov-Jan)
2026-01-07,2025/2026,Newcastle United,Leeds United,A,H,0.1571,5.6,-1.0,False,1,Q2 (Nov-Jan)
2026-01-07,2025/2026,Burnley,Manchester United,H,D,0.2453,5.4,-1.0,False,1,Q2 (Nov-Jan)
2026-01-08,2025/2026,Arsenal,Liverpool,A,D,0.161,5.7,-1.0,False,1,Q2 (Nov-Jan)
2026-01-17,2025/2026,Leeds United,Fulham,A,H,0.0633,3.65,-1.0,False,1,Q2 (Nov-Jan)
2026-01-17,2025/2026,Chelsea,Brentford,A,H,0.1405,5.1,-1.0,False,1,Q2 (Nov-Jan)
2026-01-17,2025/2026,Manchester United,Manchester City,H,H,0.1731,3.85,2.85,True,1,Q2 (Nov-Jan)
2026-01-17,2025/2026,Tottenham Hotspur,West Ham United,A,A,0.1367,5.0,4.0,True,1,Q2 (Nov-Jan)
2026-01-17,2025/2026,Nottingham Forest,Arsenal,H,D,0.2836,6.8,-1.0,False,1,Q2 (Nov-Jan)
2026-01-17,2025/2026,Sunderland,Crystal Palace,H,H,0.0716,2.76,1.76,True,1,Q2 (Nov-Jan)
2026-01-17,2025/2026,Liverpool,Burnley,A,D,0.2691,15.0,-1.0,False,1,Q2 (Nov-Jan)
2026-01-18,2025/2026,Aston Villa,Everton,A,A,0.1613,5.7,4.7,True,1,Q2 (Nov-Jan)
2026-01-18,2025/2026,Wolverhampton Wanderers,Newcastle United,H,D,0.2243,4.8,-1.0,False,1,Q2 (Nov-Jan)
2026-01-19,2025/2026,Brighton & Hove Albion,Bournemouth,A,D,0.0879,4.0,-1.0,False,1,Q2 (Nov-Jan)
2026-01-24,2025/2026,Burnley,Tottenham Hotspur,H,D,0.1754,3.9,-1.0,False,1,Q2 (Nov-Jan)
2026-01-24,2025/2026,West Ham United,Sunderland,H,H,0.0534,2.64,1.64,True,1,Q2 (Nov-Jan)
2026-01-24,2025/2026,Bournemouth,Liverpool,H,H,0.1809,4.0,3.0,True,1,Q2 (Nov-Jan)
2026-01-24,2025/2026,Fulham,Brighton & Hove Albion,H,H,0.0579,2.68,1.68,True,1,Q2 (Nov-Jan)
2026-01-24,2025/2026,Manchester City,Wolverhampton Wanderers,A,H,0.2646,14.0,-1.0,False,1,Q2 (Nov-Jan)
2026-01-25,2025/2026,Crystal Palace,Chelsea,H,A,0.1681,3.8,-1.0,False,1,Q2 (Nov-Jan)
2026-01-25,2025/2026,Brentford,Nottingham Forest,A,A,0.1153,4.5,3.5,True,1,Q2 (Nov-Jan)
2026-01-25,2025/2026,Arsenal,Manchester United,A,A,0.1811,6.4,5.4,True,1,Q2 (Nov-Jan)
2026-01-25,2025/2026,Newcastle United,Aston Villa,A,A,0.0731,3.8,2.8,True,1,Q2 (Nov-Jan)
2026-01-26,2025/2026,Everton,Leeds United,H,D,0.0494,2.6,-1.0,False,1,Q2 (Nov-Jan)
2026-01-31,2025/2026,Chelsea,West Ham United,A,H,0.1849,6.6,-1.0,False,1,Q2 (Nov-Jan)
2026-01-31,2025/2026,Leeds United,Arsenal,H,A,0.2837,6.8,-1.0,False,1,Q2 (Nov-Jan)
2026-01-31,2025/2026,Brighton & Hove Albion,Everton,A,D,0.1038,4.3,-1.0,False,1,Q2 (Nov-Jan)
2026-01-31,2025/2026,Wolverhampton Wanderers,Bournemouth,H,A,0.1097,3.1,-1.0,False,1,Q2 (Nov-Jan)
2026-01-31,2025/2026,Liverpool,Newcastle United,A,H,0.105,4.3,-1.0,False,1,Q2 (Nov-Jan)
2026-02-01,2025/2026,Tottenham Hotspur,Manchester City,H,D,0.2232,4.8,-1.0,False,2,Q3 (Feb-Mar)
2026-02-01,2025/2026,Manchester United,Fulham,A,H,0.1636,5.8,-1.0,False,2,Q3 (Feb-Mar)
2026-02-01,2025/2026,Nottingham Forest,Crystal Palace,A,D,0.0948,4.1,-1.0,False,2,Q3 (Feb-Mar)
2026-02-01,2025/2026,Aston Villa,Brentford,A,A,0.0646,3.65,2.65,True,2,Q3 (Feb-Mar)
2026-02-02,2025/2026,Sunderland,Burnley,A,H,0.1379,5.0,-1.0,False,2,Q3 (Feb-Mar)
2026-02-06,2025/2026,Leeds United,Nottingham Forest,A,H,0.0596,3.6,-1.0,False,2,Q3 (Feb-Mar)
2026-02-07,2025/2026,Wolverhampton Wanderers,Chelsea,H,A,0.2468,5.4,-1.0,False,2,Q3 (Feb-Mar)
2026-02-07,2025/2026,Manchester United,Tottenham Hotspur,A,H,0.1543,5.5,-1.0,False,2,Q3 (Feb-Mar)
2026-02-07,2025/2026,Newcastle United,Brentford,A,A,0.0702,3.75,2.75,True,2,Q3 (Feb-Mar)
2026-02-07,2025/2026,Arsenal,Sunderland,A,H,0.2734,16.0,-1.0,False,2,Q3 (Feb-Mar)
2026-02-07,2025/2026,Burnley,West Ham United,H,A,0.1474,3.5,-1.0,False,2,Q3 (Feb-Mar)
2026-02-07,2025/2026,Bournemouth,Aston Villa,H,D,0.077,2.82,-1.0,False,2,Q3 (Feb-Mar)
2026-02-07,2025/2026,Fulham,Everton,A,A,0.0805,3.9,2.9,True,2,Q3 (Feb-Mar)
2026-02-08,2025/2026,Liverpool,Manchester City,H,A,0.0283,2.48,-1.0,False,2,Q3 (Feb-Mar)
2026-02-08,2025/2026,Brighton & Hove Albion,Crystal Palace,A,A,0.087,4.0,3.0,True,2,Q3 (Feb-Mar)
2026-02-10,2025/2026,Tottenham Hotspur,Newcastle United,H,A,0.1328,3.35,-1.0,False,2,Q3 (Feb-Mar)
2026-02-10,2025/2026,West Ham United,Manchester United,H,D,0.223,4.8,-1.0,False,2,Q3 (Feb-Mar)
2026-02-10,2025/2026,Everton,Bournemouth,H,A,0.0413,2.56,-1.0,False,2,Q3 (Feb-Mar)
2026-02-10,2025/2026,Chelsea,Leeds United,A,D,0.1857,6.6,-1.0,False,2,Q3 (Feb-Mar)
2026-02-11,2025/2026,Sunderland,Liverpool,H,A,0.232,5.0,-1.0,False,2,Q3 (Feb-Mar)
2026-02-11,2025/2026,Manchester City,Fulham,A,H,0.2296,9.4,-1.0,False,2,Q3 (Feb-Mar)
2026-02-11,2025/2026,Nottingham Forest,Wolverhampton Wanderers,A,D,0.1576,5.6,-1.0,False,2,Q3 (Feb-Mar)
2026-02-11,2025/2026,Aston Villa,Brighton & Hove Albion,A,H,0.088,4.0,-1.0,False,2,Q3 (Feb-Mar)
2026-02-11,2025/2026,Crystal Palace,Burnley,A,A,0.1933,7.0,6.0,True,2,Q3 (Feb-Mar)
2026-02-12,2025/2026,Brentford,Arsenal,H,D,0.243,5.3,-1.0,False,2,Q3 (Feb-Mar)
2026-02-18,2025/2026,Wolverhampton Wanderers,Arsenal,H,D,0.3539,13.0,-1.0,False,2,Q3 (Feb-Mar)
2026-02-21,2025/2026,Manchester City,Newcastle United,A,H,0.1804,6.4,-1.0,False,2,Q3 (Feb-Mar)
2026-02-21,2025/2026,Brentford,Brighton & Hove Albion,A,A,0.0643,3.65,2.65,True,2,Q3 (Feb-Mar)
2026-02-21,2025/2026,West Ham United,Bournemouth,H,D,0.042,2.56,-1.0,False,2,Q3 (Feb-Mar)
2026-02-21,2025/2026,Aston Villa,Leeds United,A,D,0.1239,4.7,-1.0,False,2,Q3 (Feb-Mar)
2026-02-21,2025/2026,Chelsea,Burnley,A,D,0.2716,15.5,-1.0,False,2,Q3 (Feb-Mar)
2026-02-22,2025/2026,Crystal Palace,Wolverhampton Wanderers,A,H,0.1621,5.7,-1.0,False,2,Q3 (Feb-Mar)
2026-02-22,2025/2026,Tottenham Hotspur,Arsenal,H,A,0.2708,6.2,-1.0,False,2,Q3 (Feb-Mar)
2026-02-22,2025/2026,Sunderland,Fulham,H,A,0.0759,2.8,-1.0,False,2,Q3 (Feb-Mar)
2026-02-22,2025/2026,Nottingham Forest,Liverpool,H,A,0.2037,4.4,-1.0,False,2,Q3 (Feb-Mar)
2026-02-23,2025/2026,Everton,Manchester United,H,A,0.1701,3.8,-1.0,False,2,Q3 (Feb-Mar)
2026-02-27,2025/2026,Wolverhampton Wanderers,Aston Villa,H,H,0.2136,4.6,3.6,True,2,Q3 (Feb-Mar)
2026-02-28,2025/2026,Leeds United,Manchester City,H,A,0.2494,5.5,-1.0,False,2,Q3 (Feb-Mar)
2026-02-28,2025/2026,Liverpool,West Ham United,A,H,0.2011,7.4,-1.0,False,2,Q3 (Feb-Mar)
2026-02-28,2025/2026,Newcastle United,Everton,A,A,0.138,5.0,4.0,True,2,Q3 (Feb-Mar)
2026-02-28,2025/2026,Bournemouth,Sunderland,A,D,0.1289,4.8,-1.0,False,2,Q3 (Feb-Mar)
2026-02-28,2025/2026,Burnley,Brentford,H,A,0.232,5.0,-1.0,False,2,Q3 (Feb-Mar)
2026-03-01,2025/2026,Manchester United,Crystal Palace,A,H,0.1803,6.4,-1.0,False,3,Q3 (Feb-Mar)
2026-03-01,2025/2026,Arsenal,Chelsea,A,H,0.1674,5.9,-1.0,False,3,Q3 (Feb-Mar)
2026-03-01,2025/2026,Brighton & Hove Albion,Nottingham Forest,A,H,0.0672,3.7,-1.0,False,3,Q3 (Feb-Mar)
2026-03-01,2025/2026,Fulham,Tottenham Hotspur,A,H,0.0559,3.55,-1.0,False,3,Q3 (Feb-Mar)
2026-03-03,2025/2026,Everton,Burnley,A,H,0.1897,6.8,-1.0,False,3,Q3 (Feb-Mar)
2026-03-03,2025/2026,Wolverhampton Wanderers,Liverpool,H,H,0.2882,7.0,6.0,True,3,Q3 (Feb-Mar)
2026-03-03,2025/2026,Bournemouth,Brentford,H,D,0.0525,2.64,-1.0,False,3,Q3 (Feb-Mar)
2026-03-03,2025/2026,Leeds United,Sunderland,A,A,0.1241,4.7,3.7,True,3,Q3 (Feb-Mar)
2026-03-04,2025/2026,Newcastle United,Manchester United,H,H,0.0651,2.72,1.72,True,3,Q3 (Feb-Mar)
2026-03-04,2025/2026,Manchester City,Nottingham Forest,A,D,0.2223,8.8,-1.0,False,3,Q3 (Feb-Mar)
2026-03-04,2025/2026,Fulham,West Ham United,A,A,0.0765,3.85,2.85,True,3,Q3 (Feb-Mar)
2026-03-04,2025/2026,Brighton & Hove Albion,Arsenal,H,A,0.2552,5.7,-1.0,False,3,Q3 (Feb-Mar)
2026-03-04,2025/2026,Aston Villa,Chelsea,H,A,0.0809,2.84,-1.0,False,3,Q3 (Feb-Mar)
2026-03-05,2025/2026,Tottenham Hotspur,Crystal Palace,H,A,0.0336,2.5,-1.0,False,3,Q3 (Feb-Mar)
2026-03-14,2025/2026,Sunderland,Brighton & Hove Albion,H,A,0.1475,3.5,-1.0,False,3,Q3 (Feb-Mar)
2026-03-14,2025/2026,Chelsea,Newcastle United,A,A,0.0924,4.1,3.1,True,3,Q3 (Feb-Mar)
2026-03-14,2025/2026,Burnley,Bournemouth,H,D,0.199,4.3,-1.0,False,3,Q3 (Feb-Mar)
2026-03-14,2025/2026,Arsenal,Everton,A,H,0.2366,10.0,-1.0,False,3,Q3 (Feb-Mar)
2026-03-14,2025/2026,West Ham United,Manchester City,H,D,0.2272,4.9,-1.0,False,3,Q3 (Feb-Mar)
2026-03-15,2025/2026,Liverpool,Tottenham Hotspur,A,D,0.2365,10.0,-1.0,False,3,Q3 (Feb-Mar)
2026-03-15,2025/2026,Crystal Palace,Leeds United,H,D,0.0458,2.58,-1.0,False,3,Q3 (Feb-Mar)
2026-03-15,2025/2026,Nottingham Forest,Fulham,A,D,0.0394,3.35,-1.0,False,3,Q3 (Feb-Mar)
2026-03-15,2025/2026,Manchester United,Aston Villa,A,H,0.1287,4.8,-1.0,False,3,Q3 (Feb-Mar)
2026-03-16,2025/2026,Brentford,Wolverhampton Wanderers,A,D,0.1758,6.2,-1.0,False,3,Q3 (Feb-Mar)
2026-03-20,2025/2026,Bournemouth,Manchester United,H,D,0.1412,3.45,-1.0,False,3,Q3 (Feb-Mar)
2026-03-21,2025/2026,Fulham,Burnley,A,H,0.19,6.8,-1.0,False,3,Q3 (Feb-Mar)
2026-03-21,2025/2026,Everton,Chelsea,H,H,0.1516,3.55,2.55,True,3,Q3 (Feb-Mar)
2026-03-21,2025/2026,Brighton & Hove Albion,Liverpool,H,H,0.1198,3.2,2.2,True,3,Q3 (Feb-Mar)
2026-03-21,2025/2026,Leeds United,Brentford,H,D,0.0481,2.6,-1.0,False,3,Q3 (Feb-Mar)
2026-03-22,2025/2026,Newcastle United,Sunderland,A,A,0.1538,5.5,4.5,True,3,Q3 (Feb-Mar)
2026-03-22,2025/2026,Aston Villa,West Ham United,A,H,0.0829,3.95,-1.0,False,3,Q3 (Feb-Mar)
2026-03-22,2025/2026,Tottenham Hotspur,Nottingham Forest,A,A,0.0436,3.4,2.4,True,3,Q3 (Feb-Mar)
2026-04-10,2025/2026,West Ham United,Wolverhampton Wanderers,A,H,0.1236,4.7,-1.0,False,4,Q4 (Apr-May)
2026-04-11,2025/2026,Arsenal,Bournemouth,A,A,0.2112,8.0,7.0,True,4,Q4 (Apr-May)
2026-04-11,2025/2026,Burnley,Brighton & Hove Albion,H,A,0.227,4.9,-1.0,False,4,Q4 (Apr-May)
2026-04-11,2025/2026,Liverpool,Fulham,A,H,0.1435,5.2,-1.0,False,4,Q4 (Apr-May)
2026-04-11,2025/2026,Brentford,Everton,A,D,0.0697,3.75,-1.0,False,4,Q4 (Apr-May)
2026-04-12,2025/2026,Chelsea,Manchester City,H,A,0.1352,3.35,-1.0,False,4,Q4 (Apr-May)
2026-04-12,2025/2026,Nottingham Forest,Aston Villa,H,D,0.0721,2.78,-1.0,False,4,Q4 (Apr-May)
2026-04-12,2025/2026,Sunderland,Tottenham Hotspur,H,H,0.0724,2.78,1.78,True,4,Q4 (Apr-May)
2026-04-12,2025/2026,Crystal Palace,Newcastle United,H,H,0.1253,3.25,2.25,True,4,Q4 (Apr-May)
2026-04-13,2025/2026,Manchester United,Leeds United,A,A,0.1591,5.6,4.6,True,4,Q4 (Apr-May)
2026-04-18,2025/2026,Leeds United,Wolverhampton Wanderers,A,H,0.1749,6.2,-1.0,False,4,Q4 (Apr-May)
2026-04-18,2025/2026,Tottenham Hotspur,Brighton & Hove Albion,H,D,0.0897,2.92,-1.0,False,4,Q4 (Apr-May)
2026-04-18,2025/2026,Chelsea,Manchester United,A,A,0.0286,3.25,2.25,True,4,Q4 (Apr-May)
2026-04-18,2025/2026,Newcastle United,Bournemouth,A,A,0.0616,3.65,2.65,True,4,Q4 (Apr-May)
2026-04-18,2025/2026,Brentford,Fulham,A,D,0.051,3.5,-1.0,False,4,Q4 (Apr-May)
2026-04-19,2025/2026,Manchester City,Arsenal,A,H,0.1144,4.5,-1.0,False,4,Q4 (Apr-May)
2026-04-19,2025/2026,Everton,Liverpool,H,A,0.1301,3.3,-1.0,False,4,Q4 (Apr-May)
2026-04-19,2025/2026,Nottingham Forest,Burnley,A,H,0.2013,7.4,-1.0,False,4,Q4 (Apr-May)
2026-04-19,2025/2026,Aston Villa,Sunderland,A,H,0.1582,5.6,-1.0,False,4,Q4 (Apr-May)
2026-04-20,2025/2026,Crystal Palace,West Ham United,H,D,0.0349,2.5,-1.0,False,4,Q4 (Apr-May)
