match_id,season,round,timestamp,status,home_team,away_team,home_team_id,away_team_id,home_goals,away_goals,venue,referee,attendance,away_accurateCross,away_accurateLongBalls,away_accuratePasses,away_accurateThroughBall,away_aerialDuelsPercentage,away_ballPossession,away_bigChanceCreated,away_bigChanceMissed,away_bigChanceScored,away_blockedScoringAttempt,away_cornerKicks,away_dispossessed,away_dribblesPercentage,away_duelWonPercent,away_finalThirdEntries,away_fouledFinalThird,away_fouls,away_freeKicks,away_goalKicks,away_goalkeeperSaves,away_groundDuelsPercentage,away_hitWoodwork,away_interceptionWon,away_offsides,away_passes,away_shotsOffGoal,away_shotsOnGoal,away_throwIns,away_totalClearance,away_totalShotsInsideBox,away_totalShotsOnGoal,away_totalShotsOutsideBox,away_totalTackle,away_wonTacklePercent,home_accurateCross,home_accurateLongBalls,home_accuratePasses,home_accurateThroughBall,home_aerialDuelsPercentage,home_ballPossession,home_bigChanceCreated,home_bigChanceMissed,home_bigChanceScored,home_blockedScoringAttempt,home_cornerKicks,home_dispossessed,home_dribblesPercentage,home_duelWonPercent,home_finalThirdEntries,home_fouledFinalThird,home_fouls,home_freeKicks,home_goalKicks,home_goalkeeperSaves,home_groundDuelsPercentage,home_hitWoodwork,home_interceptionWon,home_offsides,home_passes,home_shotsOffGoal,home_shotsOnGoal,home_throwIns,home_totalClearance,home_totalShotsInsideBox,home_totalShotsOnGoal,home_totalShotsOutsideBox,home_totalTackle,home_wonTacklePercent
7828213,2019-2020,36,1556305200,Ended,Liverpool,Huddersfield Town,44,59,5.0,0.0,Anfield,Kevin Friend,53249.0,1.0,22.0,211.0,0.0,9.0,30.0,0.0,0.0,0.0,2.0,4.0,11.0,4.0,43.0,43.0,0.0,14.0,5.0,14.0,2.0,32.0,0.0,12.0,4.0,306.0,2.0,1.0,22.0,20.0,3.0,5.0,2.0,23.0,15.0,3.0,19.0,638.0,4.0,12.0,70.0,6.0,3.0,3.0,2.0,4.0,14.0,11.0,57.0,57.0,1.0,5.0,13.0,1.0,1.0,42.0,1.0,11.0,2.0,726.0,12.0,7.0,25.0,11.0,14.0,21.0,7.0,19.0,12.0
7828218,2019-2020,36,1556373600,Ended,Fulham,Cardiff City,43,61,1.0,0.0,Craven Cottage,Chris Kavanagh,23822.0,6.0,26.0,144.0,19.0,27.0,2.0,2.0,3.0,3.0,15.0,13.0,53.0,66.0,3.0,8.0,9.0,8.0,1.0,50.0,1.0,9.0,3.0,220.0,2.0,8.0,26.0,32.0,10.0,13.0,3.0,28.0,18.0,3.0,23.0,543.0,18.0,73.0,1.0,1.0,1.0,10.0,24.0,13.0,47.0,56.0,1.0,10.0,8.0,7.0,8.0,43.0,0.0,6.0,1.0,623.0,5.0,2.0,20.0,25.0,2.0,8.0,6.0,22.0,10.0,,,,
7828216,2019-2020,36,1556373600,Ended,Southampton,Bournemouth,45,60,3.0,3.0,St. Mary's Stadium,Graham Scott,31310.0,4.0,18.0,352.0,1.0,13.0,56.0,4.0,1.0,3.0,0.0,3.0,17.0,5.0,40.0,39.0,1.0,9.0,7.0,20.0,4.0,31.0,0.0,7.0,459.0,4.0,5.0,24.0,30.0,5.0,9.0,4.0,19.0,6.0,1.0,6.0,19.0,258.0,1.0,21.0,44.0,5.0,4.0,1.0,6.0,9.0,14.0,10.0,60.0,68.0,1.0,8.0,9.0,7.0,2.0,44.0,1.0,20.0,351.0,9.0,7.0,20.0,20.0,12.0,22.0,10.0,25.0,16.0,2.0
7828263,2019-2020,36,1556373600,Ended,Watford,Wolverhampton,24,3,1.0,2.0,Vicarage Road,Simon Hooper,20323.0,5.0,34.0,290.0,19.0,44.0,4.0,2.0,2.0,4.0,5.0,11.0,12.0,53.0,36.0,3.0,11.0,10.0,7.0,0.0,44.0,0.0,11.0,5.0,386.0,3.0,4.0,24.0,34.0,8.0,11.0,3.0,22.0,14.0,2.0,7.0,24.0,410.0,17.0,56.0,2.0,1.0,1.0,4.0,4.0,17.0,12.0,47.0,44.0,2.0,10.0,10.0,4.0,1.0,38.0,0.0,12.0,3.0,495.0,5.0,1.0,21.0,34.0,5.0,10.0,5.0,17.0,12.0,3.0
7828211,2019-2020,36,1556373600,Ended,Crystal Palace,Everton,7,48,0.0,0.0,Selhurst Park,Lee Mason,25789.0,8.0,30.0,432.0,17.0,64.0,1.0,1.0,11.0,10.0,11.0,4.0,40.0,66.0,2.0,15.0,9.0,6.0,0.0,33.0,2.0,12.0,0.0,543.0,8.0,3.0,22.0,19.0,16.0,22.0,6.0,20.0,10.0,0.0,1.0,21.0,199.0,25.0,36.0,0.0,0.0,3.0,5.0,15.0,15.0,60.0,40.0,2.0,9.0,14.0,9.0,3.0,50.0,0.0,16.0,4.0,313.0,5.0,0.0,18.0,36.0,4.0,8.0,4.0,21.0,12.0,2.0,,
7828217,2019-2020,36,1556456700,Ended,Burnley,Manchester City,6,17,0.0,1.0,Turf Moor,Paul Tierney,21605.0,5.0,26.0,524.0,26.0,70.0,2.0,2.0,14.0,6.0,7.0,11.0,56.0,60.0,1.0,7.0,5.0,5.0,0.0,29.0,0.0,12.0,3.0,608.0,4.0,7.0,18.0,21.0,17.0,25.0,8.0,13.0,7.0,1.0,1.0,25.0,158.0,16.0,30.0,1.0,1.0,0.0,0.0,11.0,6.0,44.0,53.0,2.0,5.0,6.0,11.0,5.0,27.0,0.0,13.0,2.0,263.0,2.0,0.0,26.0,31.0,2.0,2.0,0.0,16.0,7.0,1.0,,
7828258,2019-2020,37,1556978400,Ended,Wolverhampton,Fulham,3,43,1.0,0.0,Molineux Stadium,Jonathan Moss,30456.0,1.0,34.0,518.0,24.0,61.0,1.0,1.0,0.0,1.0,1.0,17.0,16.0,53.0,50.0,1.0,15.0,9.0,8.0,5.0,38.0,0.0,12.0,0.0,601.0,3.0,2.0,17.0,36.0,3.0,6.0,3.0,13.0,6.0,3.0,6.0,20.0,285.0,17.0,39.0,3.0,2.0,1.0,4.0,7.0,8.0,5.0,47.0,44.0,4.0,10.0,13.0,7.0,2.0,37.0,2.0,8.0,1.0,376.0,9.0,6.0,21.0,13.0,12.0,19.0,7.0,19.0,13.0,1.0
7828232,2019-2020,37,1556978400,Ended,West Ham United,Southampton,37,45,3.0,0.0,London Stadium,Stuart Attwell,59961.0,3.0,18.0,293.0,0.0,13.0,44.0,0.0,0.0,7.0,7.0,9.0,8.0,32.0,55.0,1.0,11.0,2.0,7.0,3.0,24.0,0.0,18.0,1.0,384.0,3.0,1.0,24.0,13.0,7.0,11.0,4.0,14.0,12.0,1.0,1.0,31.0,421.0,1.0,27.0,56.0,2.0,2.0,5.0,2.0,10.0,24.0,68.0,51.0,1.0,2.0,10.0,7.0,1.0,51.0,0.0,15.0,3.0,520.0,6.0,6.0,21.0,26.0,8.0,17.0,9.0,18.0,12.0,1.0
7828236,2019-2020,37,1556987400,Ended,Cardiff City,Crystal Palace,61,7,2.0,3.0,Cardiff City Stadium,Michael Oliver,32133.0,6.0,16.0,336.0,0.0,25.0,61.0,1.0,0.0,1.0,7.0,5.0,10.0,16.0,48.0,46.0,5.0,11.0,13.0,8.0,6.0,44.0,0.0,10.0,2.0,446.0,7.0,7.0,21.0,29.0,13.0,21.0,8.0,16.0,9.0,9.0,31.0,173.0,1.0,35.0,39.0,3.0,3.0,0.0,4.0,10.0,11.0,8.0,52.0,50.0,1.0,14.0,11.0,7.0,4.0,39.0,2.0,11.0,1.0,276.0,6.0,8.0,22.0,23.0,14.0,18.0,4.0,21.0,12.0
7828228,2019-2020,37,1557061200,Ended,Huddersfield Town,Manchester United,59,35,1.0,1.0,Accu Stadium,Lee Mason,24263.0,6.0,26.0,510.0,12.0,65.0,3.0,3.0,0.0,7.0,7.0,16.0,10.0,51.0,67.0,3.0,10.0,10.0,4.0,2.0,35.0,2.0,8.0,1.0,600.0,9.0,7.0,28.0,20.0,12.0,23.0,11.0,15.0,14.0,1.0,0.0,20.0,234.0,12.0,35.0,2.0,1.0,1.0,2.0,3.0,6.0,5.0,49.0,53.0,3.0,10.0,10.0,12.0,6.0,33.0,0.0,9.0,2.0,332.0,2.0,3.0,25.0,20.0,5.0,7.0,2.0,18.0,9.0,1.0
7828231,2019-2020,37,1557169200,Ended,Manchester City,Leicester City,17,31,1.0,0.0,Etihad Stadium,Mike Dean,54506.0,0.0,41.0,336.0,20.0,39.0,1.0,1.0,3.0,0.0,4.0,11.0,63.0,23.0,2.0,5.0,11.0,19.0,4.0,44.0,0.0,12.0,0.0,416.0,2.0,2.0,10.0,44.0,3.0,7.0,4.0,22.0,7.0,2.0,3.0,33.0,552.0,11.0,61.0,1.0,1.0,4.0,11.0,12.0,7.0,37.0,91.0,2.0,12.0,5.0,5.0,2.0,26.0,1.0,13.0,2.0,636.0,10.0,5.0,20.0,10.0,7.0,19.0,12.0,14.0,6.0,3.0,,
7828255,2019-2020,38,1557669600,Ended,Crystal Palace,Bournemouth,7,60,5.0,3.0,Selhurst Park,Roger East,25433.0,4.0,23.0,427.0,15.0,55.0,3.0,2.0,1.0,2.0,4.0,8.0,12.0,58.0,64.0,3.0,8.0,11.0,8.0,4.0,41.0,0.0,13.0,1.0,517.0,6.0,8.0,15.0,19.0,9.0,16.0,7.0,18.0,10.0,0.0,0.0,17.0,344.0,13.0,45.0,4.0,1.0,3.0,2.0,4.0,12.0,4.0,42.0,48.0,1.0,11.0,8.0,13.0,5.0,28.0,1.0,13.0,4.0,429.0,7.0,8.0,19.0,23.0,12.0,17.0,5.0,16.0,10.0,3.0
7828252,2019-2020,38,1557669600,Ended,Fulham,Newcastle United,43,39,0.0,4.0,Craven Cottage,Kevin Friend,24979.0,4.0,29.0,282.0,12.0,32.0,5.0,2.0,3.0,1.0,5.0,8.0,4.0,43.0,35.0,0.0,8.0,5.0,12.0,2.0,24.0,0.0,12.0,1.0,358.0,6.0,6.0,17.0,38.0,8.0,13.0,5.0,15.0,8.0,0.0,5.0,29.0,690.0,17.0,68.0,0.0,0.0,0.0,6.0,5.0,9.0,11.0,57.0,84.0,1.0,6.0,8.0,6.0,2.0,31.0,1.0,13.0,1.0,765.0,8.0,2.0,15.0,7.0,8.0,16.0,8.0,12.0,9.0,1.0
7828254,2019-2020,38,1557669600,Ended,Tottenham Hotspur,Everton,33,48,2.0,2.0,Tottenham Hotspur Stadium,Andre Marriner,60124.0,6.0,24.0,355.0,18.0,45.0,4.0,3.0,1.0,4.0,4.0,13.0,4.0,45.0,40.0,2.0,13.0,10.0,8.0,1.0,30.0,0.0,11.0,1.0,436.0,3.0,9.0,17.0,17.0,14.0,16.0,2.0,16.0,9.0,2.0,3.0,26.0,449.0,17.0,55.0,1.0,0.0,1.0,3.0,7.0,10.0,7.0,55.0,41.0,3.0,10.0,13.0,5.0,7.0,42.0,0.0,9.0,2.0,543.0,5.0,3.0,20.0,17.0,4.0,11.0,7.0,22.0,12.0,0.0
7828250,2019-2020,38,1557669600,Ended,Leicester City,Chelsea,31,38,0.0,0.0,King Power Stadium,Anthony Taylor,32140.0,2.0,29.0,461.0,1.0,9.0,54.0,2.0,2.0,3.0,5.0,12.0,12.0,49.0,56.0,2.0,8.0,9.0,8.0,3.0,33.0,0.0,10.0,2.0,533.0,7.0,4.0,19.0,16.0,6.0,14.0,8.0,12.0,10.0,1.0,2.0,26.0,409.0,0.0,5.0,46.0,0.0,0.0,2.0,4.0,5.0,17.0,51.0,30.0,2.0,9.0,7.0,8.0,4.0,39.0,0.0,19.0,1.0,470.0,4.0,3.0,11.0,17.0,3.0,9.0,6.0,16.0,12.0,0.0
7828251,2019-2020,38,1557669600,Ended,Brighton & Hove Albion,Manchester City,30,17,1.0,4.0,American Express Stadium,Michael Oliver,30662.0,2.0,20.0,737.0,2.0,10.0,77.0,2.0,2.0,8.0,6.0,9.0,10.0,53.0,60.0,3.0,8.0,12.0,5.0,1.0,37.0,0.0,10.0,1.0,796.0,3.0,9.0,12.0,5.0,9.0,20.0,11.0,15.0,10.0,3.0,21.0,176.0,0.0,14.0,23.0,1.0,1.0,1.0,2.0,8.0,4.0,47.0,48.0,2.0,12.0,8.0,7.0,5.0,28.0,0.0,5.0,1.0,245.0,3.0,2.0,16.0,41.0,3.0,6.0,3.0,16.0,8.0,,
7828248,2019-2020,38,1557669600,Ended,Manchester United,Cardiff City,35,61,0.0,2.0,Old Trafford,Jonathan Moss,74457.0,0.0,21.0,128.0,14.0,27.0,2.0,0.0,2.0,3.0,2.0,7.0,8.0,47.0,49.0,2.0,6.0,8.0,14.0,10.0,32.0,0.0,15.0,0.0,223.0,6.0,4.0,22.0,20.0,6.0,13.0,7.0,16.0,9.0,3.0,2.0,22.0,526.0,19.0,73.0,3.0,3.0,0.0,6.0,11.0,7.0,13.0,53.0,78.0,2.0,9.0,5.0,9.0,2.0,33.0,1.0,15.0,3.0,620.0,10.0,10.0,23.0,13.0,13.0,26.0,13.0,15.0,10.0,3.0
7828157,2019-2020,33,1554559200,Ended,Newcastle United,Crystal Palace,39,7,0.0,1.0,St James' Park,Stuart Attwell,51926.0,6.0,20.0,297.0,29.0,47.0,1.0,1.0,0.0,4.0,13.0,5.0,53.0,43.0,3.0,13.0,12.0,14.0,5.0,32.0,0.0,8.0,4.0,392.0,2.0,1.0,20.0,39.0,3.0,3.0,0.0,16.0,9.0,2.0,9.0,39.0,362.0,19.0,53.0,0.0,0.0,4.0,9.0,10.0,6.0,47.0,57.0,5.0,12.0,12.0,5.0,0.0,35.0,0.0,15.0,2.0,436.0,9.0,5.0,19.0,12.0,11.0,18.0,7.0,18.0,10.0,1.0,,
7828156,2019-2020,33,1554559200,Ended,Huddersfield Town,Leicester City,59,31,1.0,4.0,Accu Stadium,David Coote,24126.0,5.0,22.0,383.0,16.0,56.0,6.0,4.0,2.0,2.0,5.0,13.0,15.0,56.0,48.0,4.0,11.0,13.0,6.0,3.0,44.0,0.0,12.0,3.0,467.0,7.0,9.0,22.0,19.0,10.0,18.0,8.0,16.0,8.0,0.0,5.0,32.0,279.0,16.0,44.0,2.0,1.0,1.0,3.0,8.0,11.0,5.0,44.0,49.0,4.0,13.0,10.0,8.0,6.0,31.0,0.0,14.0,2.0,369.0,3.0,4.0,22.0,12.0,8.0,10.0,2.0,17.0,7.0,3.0
7828153,2019-2020,33,1554642300,Ended,Everton,Arsenal,48,42,1.0,0.0,Goodison Park,Kevin Friend,39400.0,4.0,21.0,411.0,17.0,58.0,0.0,0.0,0.0,2.0,6.0,10.0,14.0,51.0,56.0,9.0,8.0,11.0,5.0,43.0,0.0,9.0,2.0,513.0,3.0,2.0,21.0,23.0,6.0,7.0,1.0,21.0,15.0,4.0,8.0,27.0,299.0,22.0,42.0,4.0,3.0,1.0,8.0,9.0,13.0,8.0,49.0,67.0,8.0,9.0,7.0,2.0,36.0,0.0,14.0,3.0,381.0,9.0,6.0,17.0,21.0,15.0,23.0,8.0,19.0,11.0,1.0,,
7828265,2019-2020,33,1554651000,Postponed,Tottenham Hotspur,Brighton & Hove Albion,33,30,,,Tottenham Hotspur Stadium,,,,,,,,,,,,,,,,,,,,,,,,,,,,,,,,,,,,,,,,,,,,,,,,,,,,,,,,,,,,,,,,,,,,,,
7828176,2019-2020,34,1555095600,Ended,Leicester City,Newcastle United,31,39,0.0,1.0,King Power Stadium,Chris Kavanagh,32108.0,5.0,21.0,193.0,1.0,20.0,29.0,1.0,1.0,1.0,3.0,7.0,8.0,48.0,45.0,2.0,10.0,6.0,9.0,5.0,34.0,1.0,22.0,4.0,303.0,5.0,5.0,16.0,33.0,8.0,11.0,3.0,21.0,13.0,3.0,8.0,30.0,650.0,1.0,29.0,71.0,1.0,1.0,1.0,2.0,11.0,8.0,52.0,91.0,4.0,6.0,10.0,2.0,4.0,30.0,0.0,12.0,3.0,773.0,6.0,5.0,26.0,12.0,9.0,12.0,3.0,13.0,8.0,2.0
7828180,2019-2020,34,1555247100,Ended,Crystal Palace,Manchester City,7,17,1.0,3.0,Selhurst Park,Martin Atkinson,25721.0,4.0,44.0,650.0,2.0,14.0,73.0,4.0,1.0,3.0,7.0,9.0,13.0,16.0,48.0,80.0,0.0,11.0,5.0,3.0,2.0,41.0,0.0,8.0,2.0,721.0,7.0,6.0,25.0,17.0,11.0,20.0,9.0,22.0,8.0,3.0,29.0,195.0,0.0,17.0,27.0,0.0,0.0,0.0,2.0,2.0,16.0,10.0,52.0,36.0,1.0,5.0,11.0,12.0,4.0,43.0,0.0,17.0,1.0,274.0,2.0,3.0,7.0,32.0,3.0,7.0,4.0,22.0,19.0
7828178,2019-2020,34,1555354800,Ended,Watford,Arsenal,24,42,0.0,1.0,Vicarage Road,Craig Pawson,20480.0,6.0,33.0,573.0,14.0,66.0,2.0,2.0,8.0,4.0,7.0,3.0,49.0,62.0,0.0,8.0,12.0,7.0,2.0,27.0,0.0,15.0,4.0,660.0,0.0,6.0,5.0,11.0,22.0,13.0,19.0,6.0,12.0,6.0,0.0,1.0,19.0,233.0,14.0,34.0,2.0,2.0,5.0,6.0,8.0,7.0,51.0,51.0,1.0,12.0,8.0,10.0,4.0,28.0,1.0,13.0,2.0,327.0,1.0,3.0,3.0,17.0,15.0,6.0,11.0,5.0,13.0,6.0,2.0
8170432,2019-2020,31,1555440300,Ended,Brighton & Hove Albion,Cardiff City,30,61,0.0,2.0,American Express Stadium,Andre Marriner,30226.0,2.0,16.0,185.0,34.0,37.0,1.0,1.0,4.0,4.0,13.0,11.0,52.0,67.0,1.0,13.0,11.0,11.0,2.0,51.0,0.0,24.0,0.0,302.0,3.0,3.0,19.0,32.0,6.0,10.0,4.0,29.0,17.0,1.0,4.0,29.0,403.0,41.0,63.0,0.0,0.0,4.0,5.0,16.0,10.0,48.0,75.0,3.0,11.0,12.0,5.0,1.0,39.0,1.0,8.0,2.0,520.0,8.0,2.0,26.0,16.0,7.0,14.0,7.0,18.0,9.0,0.0,,
7828193,2019-2020,35,1555768800,Ended,Huddersfield Town,Watford,59,24,1.0,2.0,Accu Stadium,Roger East,23957.0,1.0,31.0,381.0,10.0,55.0,1.0,1.0,1.0,2.0,11.0,5.0,51.0,42.0,3.0,9.0,14.0,7.0,2.0,35.0,0.0,7.0,2.0,459.0,4.0,6.0,19.0,14.0,8.0,11.0,3.0,16.0,11.0,2.0,3.0,27.0,306.0,12.0,45.0,1.0,1.0,5.0,2.0,11.0,7.0,49.0,45.0,2.0,15.0,9.0,5.0,4.0,31.0,0.0,12.0,1.0,378.0,5.0,3.0,21.0,17.0,7.0,13.0,6.0,15.0,8.0,2.0,,
7828260,2019-2020,35,1555768800,Ended,Wolverhampton,Brighton & Hove Albion,3,30,0.0,0.0,Molineux Stadium,Craig Pawson,31096.0,2.0,29.0,216.0,26.0,32.0,0.0,0.0,1.0,1.0,5.0,5.0,53.0,40.0,0.0,8.0,0.0,15.0,5.0,29.0,0.0,9.0,1.0,297.0,4.0,0.0,18.0,37.0,2.0,5.0,3.0,24.0,17.0,1.0,12.0,34.0,546.0,22.0,68.0,3.0,3.0,4.0,14.0,15.0,9.0,47.0,71.0,3.0,0.0,8.0,2.0,0.0,27.0,2.0,6.0,0.0,615.0,14.0,5.0,22.0,9.0,18.0,23.0,5.0,12.0,8.0,0.0,,
7828192,2019-2020,35,1555768800,Ended,West Ham United,Leicester City,37,31,2.0,2.0,London Stadium,Lee Probert,59960.0,4.0,27.0,348.0,1.0,15.0,51.0,1.0,1.0,1.0,8.0,8.0,16.0,56.0,65.0,0.0,9.0,7.0,7.0,1.0,50.0,0.0,8.0,2.0,425.0,5.0,5.0,22.0,24.0,8.0,11.0,3.0,27.0,12.0,0.0,7.0,17.0,328.0,0.0,9.0,49.0,1.0,1.0,3.0,6.0,16.0,14.0,44.0,45.0,1.0,8.0,9.0,6.0,3.0,42.0,1.0,10.0,1.0,410.0,5.0,3.0,23.0,20.0,7.0,11.0,4.0,19.0,10.0,2.0
8167491,2019-2020,33,1556045100,Ended,Tottenham Hotspur,Brighton & Hove Albion,33,30,1.0,0.0,Tottenham Hotspur Stadium,Chris Kavanagh,56251.0,2.0,23.0,101.0,25.0,22.0,1.0,3.0,11.0,5.0,49.0,40.0,2.0,13.0,7.0,19.0,4.0,30.0,0.0,13.0,1.0,194.0,4.0,1.0,20.0,37.0,3.0,6.0,3.0,18.0,8.0,2.0,4.0,20.0,624.0,23.0,78.0,12.0,6.0,9.0,8.0,51.0,70.0,7.0,7.0,12.0,6.0,1.0,35.0,1.0,5.0,2.0,713.0,12.0,5.0,15.0,11.0,8.0,29.0,21.0,15.0,9.0,1.0,,,,,,
8170438,2019-2020,31,1556131500,Ended,Wolverhampton,Arsenal,3,42,3.0,1.0,Molineux Stadium,Stuart Attwell,31436.0,5.0,22.0,612.0,1.0,17.0,71.0,1.0,1.0,6.0,5.0,12.0,10.0,51.0,63.0,3.0,9.0,12.0,6.0,28.0,0.0,4.0,3.0,690.0,4.0,1.0,23.0,3.0,5.0,11.0,6.0,7.0,4.0,3.0,4.0,22.0,212.0,0.0,14.0,29.0,1.0,1.0,3.0,5.0,5.0,6.0,49.0,30.0,4.0,12.0,8.0,11.0,29.0,0.0,22.0,1.0,285.0,5.0,3.0,14.0,18.0,8.0,11.0,3.0,15.0,7.0,2.0,,
8151144,2019-2020,31,1556132400,Ended,Manchester United,Manchester City,35,17,0.0,2.0,Old Trafford,Andre Marriner,74431.0,1.0,28.0,609.0,0.0,12.0,64.0,0.0,1.0,5.0,17.0,56.0,53.0,2.0,10.0,10.0,10.0,1.0,42.0,1.0,16.0,2.0,702.0,3.0,5.0,10.0,11.0,5.0,8.0,3.0,14.0,8.0,2.0,1.0,32.0,318.0,1.0,8.0,36.0,5.0,1.0,12.0,12.0,44.0,52.0,3.0,10.0,9.0,9.0,3.0,34.0,0.0,10.0,0.0,406.0,6.0,1.0,18.0,12.0,3.0,12.0,9.0,13.0,10.0,2.0,,,,
7828117,2019-2020,31,1552739400,Canceled,Manchester United,Manchester City,35,17,,,Old Trafford,,,,,,,,,,,,,,,,,,,,,,,,,,,,,,,,,,,,,,,,,,,,,,,,,,,,,,,,,,,,,,,,,,,,,,
7828121,2019-2020,31,1552748400,Canceled,Brighton & Hove Albion,Cardiff City,30,61,,,American Express Stadium,,,,,,,,,,,,,,,,,,,,,,,,,,,,,,,,,,,,,,,,,,,,,,,,,,,,,,,,,,,,,,,,,,,,,,
7828123,2019-2020,31,1552748400,Canceled,Watford,Southampton,24,45,,,Vicarage Road,,,,,,,,,,,,,,,,,,,,,,,,,,,,,,,,,,,,,,,,,,,,,,,,,,,,,,,,,,,,,,,,,,,,,,
7828114,2019-2020,31,1552748400,Ended,Bournemouth,Newcastle United,60,39,2.0,2.0,Vitality Stadium,Mike Dean,10625.0,4.0,37.0,325.0,16.0,52.0,1.0,1.0,0.0,4.0,6.0,9.0,7.0,52.0,60.0,2.0,12.0,9.0,11.0,0.0,40.0,0.0,8.0,1.0,423.0,4.0,4.0,13.0,19.0,4.0,12.0,8.0,25.0,16.0,2.0,4.0,17.0,296.0,21.0,48.0,3.0,2.0,1.0,0.0,6.0,13.0,9.0,48.0,59.0,3.0,9.0,11.0,12.0,3.0,31.0,1.0,8.0,0.0,403.0,7.0,3.0,18.0,21.0,7.0,10.0,3.0,11.0,7.0,3.0
7828119,2019-2020,31,1552748400,Canceled,Wolverhampton,Arsenal,3,42,,,Molineux Stadium,,,,,,,,,,,,,,,,,,,,,,,,,,,,,,,,,,,,,,,,,,,,,,,,,,,,,,,,,,,,,,,,,,,,,,
7828115,2019-2020,31,1552824000,Canceled,Tottenham Hotspur,Crystal Palace,33,7,,,Wembley Stadium,,,,,,,,,,,,,,,,,,,,,,,,,,,,,,,,,,,,,,,,,,,,,,,,,,,,,,,,,,,,,,,,,,,,,,
7828118,2019-2020,31,1552832100,Ended,Fulham,Liverpool,43,44,1.0,2.0,Craven Cottage,Craig Pawson,25043.0,7.0,38.0,501.0,19.0,63.0,3.0,1.0,2.0,3.0,10.0,11.0,10.0,51.0,78.0,3.0,7.0,11.0,3.0,1.0,39.0,1.0,9.0,1.0,595.0,7.0,6.0,21.0,4.0,11.0,16.0,5.0,19.0,11.0,1.0,1.0,24.0,274.0,16.0,37.0,1.0,0.0,1.0,3.0,1.0,14.0,11.0,49.0,44.0,0.0,11.0,7.0,18.0,4.0,39.0,0.0,13.0,4.0,365.0,2.0,2.0,18.0,20.0,2.0,7.0,5.0,21.0,9.0,2.0
7828142,2019-2020,32,1553949000,Ended,Fulham,Manchester City,43,17,0.0,2.0,Craven Cottage,Kevin Friend,25001.0,3.0,32.0,613.0,6.0,66.0,2.0,2.0,9.0,11.0,10.0,9.0,40.0,61.0,2.0,12.0,4.0,6.0,0.0,29.0,1.0,7.0,1.0,679.0,8.0,7.0,24.0,12.0,14.0,24.0,10.0,16.0,8.0,0.0,4.0,19.0,283.0,12.0,34.0,1.0,1.0,2.0,0.0,9.0,9.0,60.0,37.0,3.0,4.0,12.0,11.0,5.0,41.0,0.0,12.0,4.0,359.0,3.0,0.0,15.0,20.0,3.0,5.0,2.0,20.0,10.0,2.0,,
7828140,2019-2020,32,1553958000,Ended,Brighton & Hove Albion,Southampton,30,45,0.0,1.0,American Express Stadium,Michael Oliver,30636.0,2.0,14.0,217.0,21.0,40.0,1.0,1.0,2.0,5.0,12.0,7.0,36.0,69.0,1.0,10.0,8.0,10.0,1.0,24.0,0.0,17.0,0.0,346.0,4.0,2.0,23.0,27.0,7.0,8.0,1.0,9.0,3.0,2.0,6.0,48.0,388.0,36.0,60.0,0.0,0.0,4.0,6.0,3.0,13.0,64.0,61.0,0.0,8.0,10.0,11.0,1.0,43.0,1.0,14.0,6.0,525.0,9.0,1.0,35.0,18.0,6.0,14.0,8.0,20.0,12.0,1.0,,
7828124,2019-2020,32,1553958000,Ended,Crystal Palace,Huddersfield Town,7,59,2.0,0.0,Selhurst Park,Lee Probert,25193.0,5.0,33.0,339.0,0.0,13.0,52.0,1.0,1.0,0.0,3.0,5.0,13.0,10.0,43.0,70.0,2.0,7.0,10.0,12.0,4.0,34.0,0.0,15.0,3.0,449.0,7.0,5.0,22.0,22.0,11.0,15.0,4.0,14.0,10.0,4.0,28.0,325.0,1.0,27.0,48.0,5.0,3.0,2.0,8.0,5.0,6.0,14.0,57.0,51.0,1.0,10.0,7.0,7.0,5.0,36.0,0.0,17.0,6.0,423.0,6.0,5.0,27.0,13.0,15.0,19.0,4.0,15.0,10.0
7828141,2019-2020,32,1553958000,Ended,Burnley,Wolverhampton,6,3,2.0,0.0,Turf Moor,Chris Kavanagh,20990.0,6.0,24.0,413.0,27.0,63.0,0.0,0.0,4.0,5.0,8.0,16.0,51.0,57.0,0.0,10.0,11.0,5.0,0.0,42.0,0.0,5.0,2.0,534.0,3.0,1.0,36.0,10.0,6.0,8.0,2.0,16.0,10.0,1.0,2.0,30.0,206.0,36.0,37.0,1.0,1.0,2.0,1.0,11.0,6.0,49.0,56.0,4.0,12.0,10.0,9.0,1.0,31.0,1.0,6.0,1.0,322.0,3.0,1.0,27.0,28.0,5.0,6.0,1.0,15.0,10.0,1.0,,
7828138,2019-2020,32,1553967000,Ended,West Ham United,Everton,37,48,0.0,2.0,London Stadium,Paul Tierney,59988.0,5.0,29.0,340.0,20.0,51.0,4.0,3.0,1.0,4.0,9.0,14.0,12.0,50.0,54.0,0.0,14.0,6.0,4.0,1.0,42.0,1.0,19.0,3.0,431.0,4.0,9.0,25.0,21.0,14.0,17.0,3.0,24.0,21.0,1.0,5.0,27.0,329.0,21.0,49.0,0.0,0.0,0.0,0.0,4.0,11.0,7.0,50.0,53.0,1.0,7.0,12.0,5.0,7.0,42.0,0.0,14.0,2.0,420.0,2.0,1.0,28.0,23.0,0.0,3.0,3.0,23.0,16.0,1.0
7828262,2019-2020,32,1554037500,Ended,Cardiff City,Chelsea,61,38,1.0,2.0,Cardiff City Stadium,Craig Pawson,32657.0,3.0,23.0,493.0,25.0,72.0,3.0,1.0,2.0,9.0,7.0,19.0,17.0,45.0,54.0,3.0,14.0,8.0,9.0,2.0,35.0,0.0,9.0,1.0,592.0,9.0,3.0,20.0,20.0,11.0,21.0,10.0,10.0,7.0,3.0,3.0,21.0,132.0,21.0,28.0,0.0,0.0,0.0,1.0,2.0,6.0,10.0,55.0,72.0,3.0,8.0,14.0,11.0,1.0,51.0,0.0,14.0,2.0,239.0,4.0,3.0,19.0,23.0,4.0,8.0,4.0,27.0,12.0,2.0
7828137,2019-2020,32,1554046200,Ended,Liverpool,Tottenham Hotspur,44,33,2.0,1.0,Anfield,Martin Atkinson,53322.0,1.0,31.0,392.0,10.0,52.0,1.0,1.0,2.0,3.0,8.0,9.0,49.0,37.0,0.0,8.0,5.0,17.0,2.0,30.0,0.0,8.0,2.0,485.0,7.0,2.0,30.0,25.0,6.0,11.0,5.0,16.0,10.0,1.0,7.0,42.0,358.0,13.0,48.0,1.0,1.0,3.0,10.0,4.0,4.0,51.0,63.0,1.0,5.0,7.0,11.0,1.0,29.0,1.0,8.0,2.0,445.0,8.0,3.0,25.0,19.0,7.0,14.0,7.0,18.0,11.0,0.0,,
8167494,2019-2020,31,1554317100,Ended,Tottenham Hotspur,Crystal Palace,33,7,2.0,0.0,Tottenham Hotspur Stadium,Andre Marriner,59215.0,0.0,25.0,278.0,0.0,12.0,35.0,1.0,1.0,0.0,2.0,5.0,9.0,44.0,37.0,0.0,5.0,8.0,11.0,8.0,34.0,0.0,17.0,4.0,364.0,4.0,1.0,11.0,26.0,3.0,5.0,2.0,17.0,9.0,0.0,7.0,40.0,595.0,2.0,22.0,65.0,3.0,3.0,7.0,8.0,11.0,17.0,56.0,65.0,2.0,8.0,5.0,7.0,1.0,37.0,0.0,7.0,0.0,687.0,9.0,10.0,24.0,9.0,15.0,26.0,11.0,16.0,11.0,1.0
7828159,2019-2020,33,1554317100,Ended,Manchester City,Cardiff City,17,61,2.0,0.0,Etihad Stadium,Jonathan Moss,53559.0,2.0,25.0,123.0,0.0,14.0,22.0,0.0,0.0,1.0,4.0,5.0,10.0,46.0,35.0,0.0,7.0,1.0,22.0,9.0,25.0,0.0,10.0,1.0,185.0,2.0,1.0,6.0,28.0,2.0,4.0,2.0,14.0,11.0,3.0,10.0,19.0,618.0,1.0,13.0,78.0,5.0,5.0,2.0,17.0,5.0,14.0,54.0,74.0,5.0,3.0,7.0,5.0,1.0,32.0,2.0,8.0,1.0,676.0,14.0,11.0,16.0,8.0,15.0,27.0,12.0,11.0,9.0,0.0
8170431,2019-2020,27,1554317100,Ended,Chelsea,Brighton & Hove Albion,38,30,3.0,0.0,Stamford Bridge,Graham Scott,38593.0,3.0,42.0,279.0,1.0,15.0,32.0,1.0,1.0,0.0,0.0,1.0,13.0,8.0,45.0,31.0,0.0,9.0,5.0,13.0,1.0,30.0,0.0,15.0,2.0,350.0,2.0,1.0,15.0,24.0,1.0,3.0,2.0,17.0,14.0,7.0,25.0,685.0,0.0,17.0,68.0,4.0,3.0,1.0,5.0,7.0,12.0,10.0,55.0,71.0,2.0,5.0,9.0,5.0,1.0,38.0,0.0,8.0,0.0,753.0,8.0,4.0,15.0,8.0,14.0,17.0,3.0,19.0,10.0
7828155,2019-2020,33,1554559200,Ended,Bournemouth,Burnley,60,6,1.0,3.0,Vitality Stadium,Martin Atkinson,10446.0,7.0,37.0,195.0,28.0,41.0,2.0,0.0,2.0,3.0,6.0,5.0,6.0,45.0,72.0,5.0,16.0,11.0,14.0,2.0,25.0,0.0,4.0,5.0,284.0,4.0,3.0,23.0,20.0,7.0,10.0,3.0,12.0,7.0,3.0,9.0,24.0,343.0,35.0,59.0,2.0,2.0,0.0,3.0,3.0,6.0,8.0,55.0,52.0,3.0,12.0,15.0,11.0,0.0,29.0,0.0,6.0,2.0,441.0,5.0,2.0,24.0,35.0,6.0,10.0,4.0,6.0,4.0,2.0
7828191,2019-2020,27,1551009600,Canceled,Chelsea,Brighton & Hove Albion,38,30,,,Stamford Bridge,,,,,,,,,,,,,,,,,,,,,,,,,,,,,,,,,,,,,,,,,,,,,,,,,,,,,,,,,,,,,,,,,,,,,,
7828187,2019-2020,27,1551017100,Ended,Arsenal,Southampton,42,45,2.0,0.0,Emirates Stadium,Graham Scott,59877.0,5.0,17.0,244.0,1.0,11.0,38.0,1.0,1.0,0.0,3.0,4.0,7.0,5.0,40.0,61.0,1.0,14.0,7.0,8.0,3.0,28.0,0.0,19.0,1.0,346.0,3.0,4.0,32.0,27.0,6.0,10.0,4.0,16.0,11.0,3.0,39.0,477.0,0.0,18.0,62.0,3.0,1.0,2.0,4.0,6.0,11.0,14.0,60.0,40.0,1.0,7.0,14.0,7.0,4.0,41.0,0.0,11.0,3.0,582.0,4.0,4.0,39.0,21.0,10.0,12.0,2.0,14.0,9.0
7828189,2019-2020,27,1551017100,Ended,Manchester United,Liverpool,35,44,0.0,0.0,Old Trafford,Michael Oliver,74519.0,3.0,29.0,478.0,0.0,25.0,65.0,0.0,0.0,2.0,7.0,11.0,13.0,55.0,63.0,5.0,17.0,14.0,2.0,3.0,46.0,0.0,5.0,1.0,565.0,4.0,1.0,20.0,9.0,4.0,7.0,3.0,19.0,12.0,3.0,2.0,32.0,233.0,2.0,18.0,35.0,1.0,1.0,2.0,3.0,11.0,6.0,45.0,40.0,2.0,15.0,17.0,12.0,1.0,41.0,0.0,11.0,3.0,317.0,1.0,3.0,13.0,28.0,4.0,6.0,2.0,18.0,9.0,1.0
7828206,2019-2020,28,1551210300,Ended,Huddersfield Town,Wolverhampton,59,3,1.0,0.0,Accu Stadium,David Coote,22714.0,3.0,37.0,355.0,21.0,51.0,1.0,1.0,0.0,2.0,5.0,6.0,12.0,47.0,55.0,1.0,10.0,9.0,14.0,2.0,41.0,0.0,13.0,4.0,461.0,5.0,0.0,33.0,16.0,4.0,7.0,3.0,20.0,10.0,2.0,3.0,24.0,344.0,34.0,49.0,2.0,1.0,1.0,3.0,3.0,10.0,5.0,53.0,58.0,3.0,10.0,10.0,5.0,0.0,35.0,0.0,13.0,0.0,445.0,9.0,3.0,29.0,17.0,8.0,15.0,7.0,21.0,16.0,2.0
7828204,2019-2020,28,1551210300,Ended,Cardiff City,Everton,61,48,0.0,3.0,Cardiff City Stadium,Kevin Friend,31849.0,2.0,22.0,425.0,1.0,37.0,68.0,1.0,1.0,3.0,4.0,13.0,8.0,45.0,67.0,2.0,12.0,11.0,5.0,0.0,29.0,0.0,6.0,1.0,534.0,5.0,4.0,37.0,33.0,8.0,12.0,4.0,10.0,7.0,1.0,4.0,16.0,145.0,0.0,41.0,32.0,0.0,0.0,1.0,3.0,8.0,7.0,55.0,59.0,1.0,12.0,11.0,4.0,1.0,41.0,0.0,13.0,3.0,257.0,5.0,0.0,29.0,28.0,4.0,6.0,2.0,23.0,17.0,3.0
7828202,2019-2020,28,1551210300,Ended,Leicester City,Brighton & Hove Albion,31,30,2.0,1.0,King Power Stadium,Lee Probert,30558.0,5.0,39.0,361.0,19.0,51.0,1.0,1.0,0.0,3.0,8.0,7.0,7.0,40.0,66.0,1.0,4.0,5.0,12.0,1.0,17.0,0.0,7.0,4.0,444.0,9.0,3.0,27.0,12.0,8.0,15.0,7.0,6.0,2.0,1.0,3.0,28.0,369.0,27.0,49.0,2.0,0.0,2.0,7.0,4.0,4.0,11.0,60.0,43.0,2.0,6.0,3.0,11.0,2.0,28.0,0.0,8.0,2.0,446.0,9.0,3.0,19.0,33.0,13.0,19.0,6.0,14.0,10.0,1.0
7828205,2019-2020,28,1551211200,Ended,Newcastle United,Burnley,39,6,2.0,0.0,St James' Park,Craig Pawson,48323.0,5.0,28.0,244.0,43.0,46.0,2.0,2.0,0.0,4.0,7.0,14.0,5.0,55.0,54.0,1.0,8.0,8.0,8.0,2.0,37.0,0.0,8.0,2.0,367.0,6.0,2.0,33.0,19.0,11.0,12.0,1.0,25.0,14.0,3.0,4.0,43.0,331.0,35.0,54.0,3.0,2.0,1.0,1.0,4.0,17.0,5.0,45.0,71.0,0.0,8.0,7.0,9.0,2.0,30.0,0.0,5.0,0.0,445.0,9.0,3.0,36.0,35.0,9.0,13.0,4.0,19.0,12.0,1.0
7828203,2019-2020,28,1551297600,Ended,Manchester City,West Ham United,17,37,1.0,0.0,Etihad Stadium,Stuart Attwell,53528.0,2.0,29.0,177.0,18.0,25.0,1.0,1.0,0.0,0.0,2.0,7.0,8.0,48.0,31.0,0.0,6.0,2.0,13.0,5.0,23.0,0.0,18.0,2.0,255.0,1.0,1.0,20.0,31.0,2.0,2.0,0.0,14.0,4.0,2.0,6.0,23.0,683.0,14.0,75.0,6.0,5.0,1.0,3.0,13.0,9.0,11.0,52.0,75.0,1.0,2.0,6.0,3.0,1.0,30.0,1.0,8.0,7.0,780.0,10.0,7.0,27.0,9.0,15.0,20.0,5.0,14.0,10.0,0.0
7828207,2019-2020,28,1551297600,Ended,Chelsea,Tottenham Hotspur,38,33,2.0,0.0,Stamford Bridge,Andre Marriner,40542.0,3.0,32.0,473.0,10.0,54.0,1.0,1.0,0.0,4.0,2.0,11.0,10.0,45.0,72.0,3.0,14.0,7.0,8.0,40.0,1.0,11.0,1.0,546.0,5.0,0.0,24.0,23.0,4.0,9.0,5.0,23.0,13.0,1.0,2.0,33.0,391.0,13.0,46.0,1.0,0.0,1.0,2.0,2.0,18.0,7.0,55.0,40.0,3.0,7.0,13.0,8.0,47.0,1.0,13.0,1.0,480.0,8.0,1.0,18.0,21.0,4.0,11.0,7.0,27.0,17.0,1.0,,
7828209,2019-2020,28,1551297600,Ended,Crystal Palace,Manchester United,7,35,1.0,3.0,Selhurst Park,Martin Atkinson,25754.0,5.0,33.0,378.0,24.0,55.0,2.0,1.0,1.0,4.0,6.0,11.0,8.0,52.0,59.0,2.0,9.0,8.0,17.0,2.0,37.0,0.0,7.0,0.0,468.0,5.0,4.0,20.0,19.0,7.0,13.0,6.0,21.0,12.0,3.0,11.0,16.0,299.0,16.0,45.0,3.0,2.0,1.0,4.0,5.0,14.0,14.0,48.0,55.0,2.0,8.0,8.0,11.0,1.0,40.0,0.0,13.0,2.0,374.0,11.0,2.0,22.0,14.0,10.0,17.0,7.0,18.0,9.0,2.0
7828221,2019-2020,29,1551538800,Ended,Brighton & Hove Albion,Huddersfield Town,30,59,1.0,0.0,American Express Stadium,Mike Dean,30182.0,1.0,32.0,317.0,20.0,48.0,0.0,0.0,0.0,2.0,3.0,12.0,2.0,45.0,49.0,1.0,6.0,10.0,7.0,2.0,31.0,0.0,14.0,0.0,413.0,0.0,4.0,15.0,19.0,3.0,6.0,3.0,21.0,12.0,2.0,7.0,29.0,368.0,24.0,52.0,2.0,1.0,1.0,4.0,6.0,7.0,11.0,55.0,75.0,3.0,11.0,6.0,6.0,4.0,38.0,1.0,10.0,3.0,455.0,6.0,4.0,36.0,20.0,8.0,14.0,6.0,22.0,14.0,2.0
7828223,2019-2020,29,1551538800,Ended,Burnley,Crystal Palace,6,7,1.0,3.0,Turf Moor,Lee Probert,19223.0,2.0,15.0,230.0,27.0,44.0,2.0,2.0,0.0,2.0,5.0,9.0,12.0,54.0,47.0,1.0,9.0,9.0,19.0,3.0,37.0,0.0,5.0,0.0,348.0,4.0,4.0,16.0,49.0,5.0,10.0,5.0,17.0,11.0,2.0,10.0,41.0,318.0,29.0,56.0,3.0,2.0,1.0,4.0,8.0,11.0,3.0,46.0,78.0,3.0,9.0,8.0,9.0,2.0,26.0,0.0,7.0,2.0,422.0,10.0,4.0,39.0,13.0,13.0,18.0,5.0,16.0,8.0,1.0
7828219,2019-2020,29,1551538800,Ended,Wolverhampton,Cardiff City,3,61,2.0,0.0,Molineux Stadium,Andre Marriner,31309.0,8.0,17.0,242.0,20.0,44.0,1.0,1.0,0.0,4.0,8.0,10.0,7.0,39.0,77.0,2.0,6.0,9.0,6.0,4.0,33.0,0.0,17.0,0.0,354.0,4.0,4.0,27.0,11.0,6.0,12.0,6.0,17.0,10.0,2.0,4.0,35.0,378.0,41.0,56.0,7.0,5.0,2.0,2.0,7.0,9.0,16.0,61.0,35.0,0.0,11.0,6.0,7.0,3.0,42.0,1.0,8.0,1.0,473.0,5.0,6.0,25.0,38.0,11.0,13.0,2.0,20.0,11.0,1.0
7828227,2019-2020,29,1551538800,Ended,Bournemouth,Manchester City,60,17,0.0,1.0,Vitality Stadium,Kevin Friend,10699.0,5.0,25.0,733.0,1.0,13.0,82.0,1.0,1.0,6.0,14.0,5.0,6.0,51.0,99.0,1.0,7.0,6.0,2.0,0.0,21.0,1.0,6.0,2.0,809.0,10.0,7.0,22.0,11.0,13.0,23.0,10.0,9.0,4.0,2.0,0.0,16.0,101.0,0.0,9.0,18.0,0.0,0.0,0.0,0.0,9.0,4.0,49.0,30.0,1.0,7.0,6.0,15.0,8.0,24.0,0.0,16.0,1.0,176.0,0.0,0.0,19.0,38.0,0.0,0.0,0.0,14.0,6.0,1.0
7828225,2019-2020,29,1551538800,Ended,Manchester United,Southampton,35,45,3.0,2.0,Old Trafford,Stuart Attwell,74459.0,4.0,17.0,184.0,13.0,36.0,1.0,1.0,2.0,7.0,7.0,6.0,46.0,58.0,2.0,10.0,7.0,8.0,3.0,33.0,0.0,13.0,0.0,282.0,4.0,3.0,22.0,33.0,4.0,9.0,5.0,20.0,11.0,1.0,7.0,28.0,409.0,28.0,64.0,4.0,4.0,1.0,9.0,15.0,9.0,54.0,51.0,2.0,7.0,9.0,9.0,1.0,26.0,0.0,7.0,2.0,511.0,9.0,6.0,34.0,16.0,9.0,16.0,7.0,9.0,5.0,2.0,,
7828226,2019-2020,29,1551629700,Ended,Everton,Liverpool,48,44,0.0,0.0,Goodison Park,Martin Atkinson,39335.0,5.0,30.0,358.0,1.0,34.0,58.0,3.0,3.0,4.0,7.0,17.0,10.0,52.0,61.0,2.0,10.0,12.0,4.0,3.0,39.0,0.0,13.0,4.0,474.0,3.0,3.0,33.0,34.0,7.0,10.0,3.0,18.0,13.0,2.0,7.0,23.0,216.0,0.0,29.0,42.0,0.0,0.0,1.0,3.0,9.0,10.0,48.0,72.0,2.0,12.0,10.0,9.0,3.0,39.0,0.0,14.0,2.0,343.0,3.0,3.0,33.0,27.0,6.0,7.0,1.0,19.0,14.0,1.0
7828245,2019-2020,30,1552134600,Ended,Crystal Palace,Brighton & Hove Albion,7,30,1.0,2.0,Selhurst Park,Craig Pawson,24972.0,2.0,27.0,258.0,14.0,38.0,0.0,0.0,0.0,0.0,15.0,3.0,43.0,42.0,1.0,18.0,8.0,11.0,2.0,36.0,0.0,17.0,1.0,358.0,1.0,3.0,22.0,30.0,1.0,4.0,3.0,26.0,21.0,5.0,5.0,23.0,474.0,11.0,62.0,1.0,1.0,7.0,8.0,13.0,10.0,57.0,72.0,3.0,8.0,18.0,4.0,1.0,56.0,0.0,6.0,1.0,579.0,5.0,3.0,27.0,10.0,9.0,15.0,6.0,28.0,12.0,1.0,,
7828127,2019-2020,24,1548878400,Ended,Tottenham Hotspur,Watford,33,24,2.0,1.0,Wembley Stadium,Graham Scott,29164.0,0.0,26.0,183.0,19.0,32.0,0.0,0.0,3.0,5.0,10.0,4.0,45.0,44.0,1.0,9.0,6.0,5.0,4.0,27.0,0.0,9.0,5.0,274.0,5.0,1.0,12.0,36.0,6.0,9.0,3.0,18.0,12.0,4.0,6.0,47.0,503.0,17.0,68.0,1.0,1.0,8.0,9.0,10.0,15.0,55.0,73.0,4.0,6.0,9.0,7.0,0.0,40.0,0.0,5.0,1.0,588.0,6.0,3.0,22.0,18.0,10.0,17.0,7.0,16.0,10.0,0.0,,
7828125,2019-2020,24,1548878400,Ended,Liverpool,Leicester City,44,31,1.0,1.0,Anfield,Martin Atkinson,53092.0,3.0,17.0,196.0,19.0,28.0,2.0,1.0,1.0,1.0,1.0,11.0,16.0,58.0,49.0,2.0,6.0,11.0,10.0,2.0,46.0,0.0,16.0,3.0,301.0,2.0,2.0,17.0,48.0,5.0,5.0,0.0,19.0,15.0,3.0,5.0,26.0,677.0,15.0,72.0,0.0,0.0,0.0,2.0,7.0,11.0,11.0,42.0,80.0,3.0,13.0,6.0,3.0,2.0,32.0,0.0,14.0,4.0,779.0,5.0,3.0,30.0,15.0,7.0,10.0,3.0,15.0,9.0,1.0
7828147,2019-2020,25,1549110600,Ended,Tottenham Hotspur,Newcastle United,33,39,1.0,0.0,Wembley Stadium,Andre Marriner,41219.0,4.0,38.0,198.0,0.0,18.0,29.0,0.0,0.0,3.0,3.0,5.0,8.0,53.0,42.0,0.0,6.0,6.0,10.0,1.0,31.0,1.0,15.0,2.0,295.0,3.0,2.0,14.0,41.0,3.0,8.0,5.0,17.0,10.0,1.0,10.0,38.0,649.0,2.0,20.0,71.0,6.0,6.0,9.0,6.0,8.0,9.0,47.0,78.0,3.0,6.0,5.0,4.0,2.0,24.0,1.0,7.0,2.0,744.0,8.0,4.0,23.0,14.0,16.0,21.0,5.0,10.0,5.0,0.0
7828150,2019-2020,25,1549119600,Ended,Brighton & Hove Albion,Watford,30,24,0.0,0.0,American Express Stadium,Simon Hooper,30414.0,2.0,19.0,269.0,24.0,45.0,0.0,0.0,0.0,0.0,15.0,4.0,48.0,42.0,0.0,10.0,15.0,18.0,4.0,44.0,0.0,17.0,0.0,383.0,5.0,0.0,24.0,32.0,4.0,5.0,1.0,27.0,11.0,0.0,11.0,34.0,350.0,26.0,55.0,3.0,3.0,4.0,7.0,13.0,19.0,52.0,61.0,1.0,15.0,9.0,4.0,0.0,49.0,0.0,20.0,4.0,456.0,13.0,4.0,24.0,19.0,13.0,21.0,8.0,21.0,8.0,1.0,,
7828151,2019-2020,25,1549119600,Ended,Crystal Palace,Fulham,7,43,2.0,0.0,Selhurst Park,Michael Oliver,25355.0,6.0,38.0,521.0,20.0,63.0,1.0,1.0,0.0,1.0,1.0,20.0,12.0,48.0,66.0,1.0,12.0,8.0,11.0,4.0,35.0,0.0,9.0,1.0,608.0,7.0,0.0,16.0,27.0,4.0,8.0,4.0,15.0,11.0,3.0,7.0,18.0,263.0,20.0,37.0,2.0,0.0,2.0,6.0,11.0,11.0,5.0,52.0,48.0,3.0,9.0,10.0,11.0,0.0,39.0,1.0,11.0,1.0,346.0,5.0,6.0,20.0,29.0,13.0,17.0,4.0,24.0,9.0,2.0
7828146,2019-2020,25,1549119600,Ended,Chelsea,Huddersfield Town,38,59,5.0,0.0,Stamford Bridge,Paul Tierney,40626.0,3.0,34.0,320.0,0.0,8.0,35.0,0.0,0.0,0.0,2.0,2.0,21.0,11.0,38.0,32.0,1.0,5.0,8.0,11.0,2.0,31.0,0.0,13.0,1.0,395.0,1.0,2.0,16.0,21.0,4.0,5.0,1.0,13.0,8.0,6.0,23.0,651.0,3.0,8.0,65.0,4.0,1.0,3.0,8.0,11.0,9.0,24.0,62.0,60.0,1.0,8.0,5.0,5.0,2.0,56.0,0.0,7.0,2.0,737.0,8.0,7.0,18.0,7.0,16.0,23.0,7.0,27.0,21.0
7828152,2019-2020,25,1549211400,Ended,Manchester City,Arsenal,17,42,3.0,1.0,Etihad Stadium,Martin Atkinson,54483.0,1.0,15.0,339.0,5.0,42.0,1.0,1.0,2.0,2.0,9.0,10.0,38.0,43.0,0.0,8.0,10.0,7.0,9.0,30.0,0.0,16.0,0.0,432.0,0.0,2.0,20.0,26.0,2.0,4.0,2.0,9.0,5.0,1.0,2.0,31.0,537.0,19.0,58.0,3.0,3.0,4.0,4.0,4.0,19.0,62.0,69.0,3.0,11.0,7.0,2.0,1.0,39.0,0.0,10.0,5.0,613.0,3.0,12.0,20.0,16.0,12.0,19.0,7.0,13.0,7.0,1.0,,
7828168,2019-2020,26,1549724400,Ended,Southampton,Cardiff City,45,61,1.0,2.0,St. Mary's Stadium,Martin Atkinson,31438.0,3.0,23.0,156.0,35.0,34.0,1.0,0.0,1.0,0.0,2.0,15.0,3.0,52.0,58.0,1.0,12.0,15.0,5.0,6.0,35.0,0.0,9.0,3.0,267.0,3.0,3.0,22.0,25.0,4.0,6.0,2.0,17.0,10.0,3.0,4.0,16.0,428.0,21.0,66.0,2.0,1.0,1.0,2.0,8.0,8.0,14.0,48.0,71.0,2.0,15.0,11.0,5.0,1.0,44.0,0.0,7.0,0.0,539.0,5.0,7.0,19.0,23.0,10.0,14.0,4.0,20.0,15.0,3.0
7828169,2019-2020,26,1549724400,Ended,Huddersfield Town,Arsenal,59,42,1.0,2.0,Accu Stadium,Jonathan Moss,24182.0,2.0,34.0,295.0,16.0,46.0,2.0,1.0,1.0,1.0,0.0,17.0,10.0,49.0,33.0,1.0,12.0,16.0,7.0,5.0,44.0,0.0,21.0,1.0,410.0,4.0,4.0,24.0,28.0,9.0,9.0,0.0,18.0,14.0,2.0,1.0,32.0,382.0,16.0,54.0,3.0,2.0,1.0,3.0,5.0,12.0,8.0,51.0,70.0,4.0,17.0,12.0,7.0,2.0,46.0,1.0,21.0,2.0,482.0,6.0,7.0,33.0,8.0,8.0,16.0,8.0,26.0,15.0,3.0
7828184,2019-2020,27,1550925000,Ended,Burnley,Tottenham Hotspur,6,33,2.0,1.0,Turf Moor,Mike Dean,21338.0,6.0,31.0,400.0,1.0,22.0,70.0,1.0,1.0,6.0,6.0,7.0,15.0,53.0,48.0,1.0,12.0,9.0,9.0,2.0,40.0,0.0,5.0,0.0,504.0,5.0,6.0,25.0,22.0,7.0,17.0,10.0,16.0,10.0,3.0,3.0,33.0,133.0,0.0,26.0,30.0,1.0,1.0,3.0,7.0,12.0,6.0,47.0,57.0,2.0,9.0,11.0,8.0,5.0,29.0,0.0,11.0,4.0,214.0,3.0,4.0,28.0,42.0,8.0,10.0,2.0,12.0,7.0,1.0
7828182,2019-2020,27,1550943000,Ended,Leicester City,Crystal Palace,31,7,1.0,4.0,King Power Stadium,Anthony Taylor,31778.0,1.0,19.0,210.0,21.0,35.0,3.0,3.0,0.0,3.0,13.0,7.0,41.0,33.0,1.0,14.0,7.0,12.0,4.0,29.0,0.0,15.0,1.0,289.0,2.0,5.0,23.0,37.0,5.0,7.0,2.0,15.0,7.0,1.0,9.0,32.0,459.0,24.0,65.0,0.0,0.0,12.0,8.0,10.0,14.0,59.0,82.0,3.0,7.0,14.0,2.0,1.0,47.0,0.0,9.0,0.0,541.0,10.0,5.0,18.0,14.0,10.0,27.0,17.0,19.0,16.0,2.0,,
7828031,2019-2020,21,1546458300,Ended,Chelsea,Southampton,38,45,0.0,0.0,Stamford Bridge,Jonathan Moss,40668.0,3.0,20.0,195.0,0.0,18.0,29.0,1.0,2.0,10.0,7.0,44.0,56.0,2.0,11.0,8.0,7.0,6.0,34.0,0.0,26.0,3.0,296.0,3.0,2.0,18.0,42.0,1.0,6.0,5.0,20.0,13.0,2.0,5.0,28.0,634.0,3.0,14.0,71.0,9.0,7.0,10.0,22.0,56.0,92.0,2.0,8.0,11.0,9.0,2.0,51.0,0.0,4.0,5.0,748.0,2.0,6.0,28.0,20.0,10.0,17.0,7.0,18.0,8.0,1.0,,,,
7828034,2019-2020,21,1546459200,Ended,Newcastle United,Manchester United,39,35,0.0,2.0,St James' Park,Andre Marriner,52217.0,1.0,33.0,593.0,1.0,22.0,66.0,4.0,2.0,2.0,3.0,2.0,24.0,9.0,49.0,66.0,5.0,9.0,10.0,10.0,3.0,34.0,0.0,10.0,687.0,6.0,7.0,24.0,22.0,11.0,16.0,5.0,15.0,10.0,2.0,4.0,22.0,251.0,1.0,14.0,34.0,0.0,0.0,0.0,3.0,1.0,9.0,9.0,51.0,43.0,1.0,10.0,8.0,10.0,5.0,44.0,0.0,9.0,350.0,8.0,3.0,30.0,13.0,8.0,14.0,6.0,28.0,16.0,1.0
7828036,2019-2020,21,1546545600,Ended,Manchester City,Liverpool,17,44,2.0,1.0,Etihad Stadium,Anthony Taylor,54511.0,4.0,33.0,461.0,2.0,9.0,51.0,2.0,1.0,1.0,0.0,1.0,10.0,11.0,52.0,53.0,7.0,12.0,8.0,2.0,41.0,1.0,10.0,1.0,583.0,2.0,5.0,29.0,21.0,7.0,7.0,0.0,18.0,9.0,2.0,1.0,32.0,468.0,0.0,19.0,49.0,2.0,2.0,0.0,1.0,2.0,5.0,8.0,48.0,52.0,12.0,6.0,3.0,3.0,28.0,0.0,14.0,2.0,578.0,4.0,4.0,23.0,31.0,6.0,9.0,3.0,14.0,11.0,4.0
7828052,2019-2020,22,1547296200,Ended,West Ham United,Arsenal,37,42,1.0,0.0,London Stadium,Jonathan Moss,59946.0,2.0,24.0,479.0,0.0,7.0,59.0,0.0,0.0,1.0,3.0,6.0,14.0,49.0,51.0,0.0,10.0,7.0,9.0,2.0,37.0,0.0,11.0,3.0,555.0,8.0,2.0,20.0,11.0,6.0,11.0,5.0,16.0,8.0,2.0,4.0,26.0,307.0,1.0,12.0,41.0,1.0,1.0,1.0,7.0,8.0,12.0,51.0,33.0,2.0,7.0,10.0,13.0,3.0,33.0,0.0,17.0,5.0,380.0,7.0,3.0,15.0,11.0,7.0,11.0,4.0,11.0,6.0,0.0
7828049,2019-2020,22,1547305200,Ended,Cardiff City,Huddersfield Town,61,59,0.0,0.0,Cardiff City Stadium,Lee Mason,30725.0,8.0,27.0,297.0,45.0,62.0,0.0,0.0,8.0,10.0,9.0,8.0,55.0,60.0,2.0,14.0,12.0,3.0,0.0,33.0,0.0,13.0,3.0,425.0,4.0,2.0,24.0,25.0,7.0,14.0,7.0,13.0,7.0,1.0,2.0,27.0,155.0,30.0,38.0,1.0,1.0,3.0,3.0,8.0,8.0,45.0,68.0,2.0,12.0,12.0,9.0,3.0,33.0,0.0,19.0,3.0,270.0,0.0,0.0,18.0,26.0,1.0,3.0,2.0,13.0,4.0,3.0,,
7828054,2019-2020,22,1547305200,Ended,Burnley,Fulham,6,43,2.0,1.0,Turf Moor,Martin Atkinson,19316.0,7.0,26.0,454.0,31.0,59.0,1.0,1.0,4.0,6.0,13.0,7.0,44.0,74.0,1.0,9.0,5.0,11.0,0.0,21.0,1.0,13.0,0.0,564.0,4.0,4.0,23.0,23.0,9.0,12.0,3.0,10.0,7.0,2.0,4.0,35.0,282.0,30.0,41.0,1.0,1.0,5.0,2.0,8.0,5.0,56.0,65.0,1.0,5.0,9.0,7.0,2.0,36.0,1.0,13.0,2.0,419.0,5.0,1.0,25.0,28.0,5.0,11.0,6.0,22.0,15.0,1.0,,
7828050,2019-2020,22,1547305200,Ended,Crystal Palace,Watford,7,24,1.0,2.0,Selhurst Park,Paul Tierney,25010.0,3.0,24.0,260.0,25.0,45.0,2.0,2.0,5.0,7.0,21.0,13.0,46.0,43.0,5.0,11.0,11.0,11.0,6.0,39.0,2.0,15.0,2.0,334.0,9.0,2.0,21.0,38.0,9.0,16.0,7.0,15.0,7.0,4.0,8.0,25.0,310.0,23.0,55.0,2.0,2.0,3.0,7.0,9.0,11.0,54.0,50.0,2.0,11.0,11.0,7.0,0.0,53.0,0.0,4.0,3.0,409.0,6.0,6.0,24.0,25.0,9.0,15.0,6.0,31.0,18.0,1.0,,
7828047,2019-2020,22,1547305200,Ended,Brighton & Hove Albion,Liverpool,30,44,0.0,1.0,American Express Stadium,Kevin Friend,30862.0,6.0,26.0,642.0,20.0,71.0,3.0,2.0,1.0,2.0,7.0,7.0,9.0,60.0,80.0,3.0,5.0,12.0,4.0,0.0,30.0,0.0,6.0,0.0,755.0,5.0,3.0,17.0,14.0,8.0,10.0,2.0,10.0,7.0,4.0,26.0,205.0,15.0,29.0,0.0,0.0,0.0,2.0,2.0,8.0,3.0,40.0,47.0,0.0,15.0,4.0,8.0,2.0,19.0,0.0,13.0,5.0,301.0,5.0,0.0,17.0,17.0,5.0,7.0,2.0,12.0,7.0,,
7828051,2019-2020,22,1547397000,Ended,Tottenham Hotspur,Manchester United,33,35,0.0,1.0,Wembley Stadium,Mike Dean,80062.0,2.0,29.0,268.0,0.0,14.0,39.0,0.0,0.0,2.0,4.0,14.0,14.0,53.0,59.0,0.0,8.0,8.0,11.0,11.0,36.0,0.0,7.0,1.0,363.0,3.0,8.0,21.0,25.0,9.0,13.0,4.0,15.0,8.0,2.0,10.0,25.0,475.0,1.0,10.0,61.0,2.0,2.0,4.0,7.0,8.0,8.0,47.0,60.0,2.0,8.0,8.0,4.0,7.0,35.0,0.0,6.0,4.0,567.0,6.0,11.0,27.0,18.0,12.0,21.0,9.0,19.0,11.0,1.0
7828086,2019-2020,23,1547910000,Ended,Watford,Burnley,24,6,0.0,0.0,Vicarage Road,Michael Oliver,19510.0,7.0,30.0,210.0,0.0,41.0,46.0,4.0,4.0,2.0,7.0,8.0,5.0,51.0,68.0,5.0,9.0,13.0,6.0,4.0,28.0,0.0,9.0,8.0,330.0,7.0,3.0,23.0,18.0,9.0,12.0,3.0,12.0,5.0,2.0,4.0,30.0,309.0,1.0,39.0,54.0,2.0,2.0,2.0,1.0,9.0,3.0,49.0,55.0,0.0,14.0,9.0,14.0,3.0,26.0,0.0,10.0,2.0,412.0,3.0,4.0,18.0,35.0,6.0,9.0,3.0,17.0,14.0,1.0
7828101,2019-2020,23,1547910000,Ended,Newcastle United,Cardiff City,39,61,3.0,0.0,St James' Park,Stuart Attwell,49864.0,3.0,28.0,213.0,1.0,28.0,47.0,0.0,0.0,0.0,3.0,10.0,13.0,9.0,55.0,55.0,6.0,11.0,7.0,3.0,45.0,0.0,10.0,0.0,325.0,5.0,1.0,27.0,17.0,5.0,9.0,4.0,25.0,19.0,1.0,5.0,38.0,284.0,0.0,39.0,53.0,3.0,1.0,2.0,5.0,7.0,21.0,1.0,45.0,45.0,11.0,5.0,5.0,1.0,21.0,0.0,13.0,1.0,375.0,5.0,6.0,38.0,29.0,12.0,16.0,4.0,17.0,8.0,0.0
7828087,2019-2020,23,1547910000,Ended,Southampton,Everton,45,48,2.0,1.0,St. Mary's Stadium,Graham Scott,29989.0,5.0,31.0,348.0,0.0,31.0,61.0,2.0,2.0,4.0,6.0,16.0,9.0,48.0,62.0,0.0,11.0,11.0,9.0,3.0,40.0,0.0,12.0,2.0,473.0,1.0,2.0,36.0,14.0,5.0,7.0,2.0,21.0,15.0,1.0,6.0,20.0,206.0,2.0,40.0,39.0,1.0,1.0,3.0,7.0,16.0,6.0,52.0,53.0,2.0,12.0,11.0,5.0,1.0,36.0,1.0,21.0,3.0,302.0,4.0,4.0,22.0,41.0,9.0,11.0,2.0,20.0,15.0,2.0
7828131,2019-2020,24,1548791100,Ended,Fulham,Brighton & Hove Albion,43,30,4.0,2.0,Craven Cottage,Lee Probert,22008.0,7.0,34.0,287.0,35.0,39.0,3.0,2.0,1.0,5.0,1.0,3.0,10.0,57.0,56.0,1.0,5.0,10.0,10.0,3.0,34.0,1.0,14.0,1.0,382.0,4.0,6.0,25.0,31.0,11.0,15.0,4.0,14.0,4.0,3.0,8.0,33.0,529.0,30.0,61.0,6.0,4.0,2.0,7.0,10.0,13.0,11.0,43.0,64.0,0.0,10.0,5.0,4.0,4.0,21.0,3.0,11.0,1.0,623.0,9.0,8.0,21.0,27.0,16.0,24.0,8.0,6.0,5.0,2.0
7828130,2019-2020,24,1548791100,Ended,Arsenal,Cardiff City,42,61,2.0,1.0,Emirates Stadium,Mike Dean,59933.0,7.0,30.0,160.0,21.0,30.0,0.0,0.0,0.0,8.0,7.0,9.0,4.0,55.0,45.0,3.0,12.0,10.0,6.0,2.0,29.0,0.0,11.0,1.0,232.0,9.0,2.0,20.0,25.0,7.0,19.0,12.0,16.0,9.0,3.0,2.0,13.0,507.0,9.0,70.0,4.0,3.0,1.0,6.0,4.0,15.0,7.0,45.0,41.0,5.0,14.0,12.0,11.0,1.0,32.0,0.0,7.0,0.0,590.0,5.0,4.0,25.0,25.0,11.0,15.0,4.0,13.0,8.0,3.0
7828134,2019-2020,24,1548792000,Ended,Newcastle United,Manchester City,39,17,2.0,1.0,St James' Park,Paul Tierney,50861.0,1.0,24.0,682.0,1.0,18.0,77.0,1.0,1.0,5.0,8.0,12.0,15.0,59.0,85.0,4.0,7.0,9.0,3.0,0.0,46.0,0.0,6.0,5.0,767.0,3.0,4.0,23.0,11.0,8.0,12.0,4.0,22.0,11.0,3.0,1.0,18.0,151.0,0.0,13.0,23.0,1.0,1.0,2.0,1.0,17.0,4.0,41.0,40.0,2.0,9.0,7.0,9.0,2.0,31.0,0.0,16.0,2.0,239.0,3.0,2.0,20.0,28.0,4.0,7.0,3.0,20.0,11.0,2.0
7828077,2019-2020,18,1545490800,Ended,Chelsea,Leicester City,38,31,0.0,1.0,Stamford Bridge,Lee Probert,40558.0,5.0,37.0,179.0,1.0,19.0,28.0,0.0,0.0,3.0,5.0,6.0,8.0,53.0,49.0,4.0,9.0,9.0,15.0,5.0,40.0,0.0,17.0,2.0,262.0,2.0,3.0,16.0,37.0,3.0,8.0,5.0,23.0,14.0,2.0,3.0,24.0,609.0,4.0,12.0,72.0,5.0,5.0,4.0,9.0,14.0,13.0,47.0,75.0,5.0,10.0,9.0,5.0,2.0,40.0,2.0,9.0,3.0,693.0,8.0,5.0,20.0,13.0,11.0,17.0,6.0,18.0,12.0,0.0
7828089,2019-2020,19,1545827400,Ended,Fulham,Wolverhampton,43,3,1.0,1.0,Craven Cottage,Andre Marriner,24382.0,5.0,55.0,586.0,33.0,71.0,1.0,0.0,1.0,2.0,0.0,10.0,11.0,55.0,78.0,3.0,6.0,9.0,8.0,3.0,41.0,0.0,11.0,2.0,685.0,7.0,5.0,29.0,4.0,8.0,14.0,6.0,23.0,15.0,1.0,3.0,30.0,202.0,31.0,29.0,2.0,1.0,1.0,1.0,2.0,13.0,9.0,45.0,49.0,2.0,9.0,6.0,18.0,4.0,30.0,0.0,16.0,0.0,286.0,5.0,5.0,24.0,28.0,8.0,11.0,3.0,15.0,8.0,2.0
7828094,2019-2020,19,1545836400,Ended,Crystal Palace,Cardiff City,7,61,0.0,0.0,Selhurst Park,Lee Probert,25206.0,4.0,22.0,203.0,1.0,24.0,38.0,2.0,2.0,1.0,1.0,5.0,5.0,50.0,56.0,0.0,11.0,9.0,18.0,5.0,33.0,0.0,13.0,3.0,303.0,4.0,4.0,20.0,47.0,5.0,9.0,4.0,20.0,6.0,3.0,5.0,39.0,398.0,1.0,22.0,62.0,2.0,2.0,14.0,12.0,11.0,14.0,50.0,72.0,2.0,9.0,11.0,6.0,4.0,35.0,2.0,10.0,0.0,487.0,12.0,5.0,32.0,13.0,22.0,31.0,9.0,10.0,5.0,0.0
7828093,2019-2020,19,1545836400,Ended,Liverpool,Newcastle United,44,39,4.0,0.0,Anfield,Graham Scott,53318.0,5.0,28.0,146.0,0.0,16.0,25.0,1.0,1.0,0.0,0.0,2.0,4.0,8.0,55.0,42.0,1.0,10.0,7.0,13.0,4.0,30.0,0.0,15.0,1.0,233.0,4.0,2.0,18.0,42.0,4.0,6.0,2.0,15.0,10.0,5.0,53.0,629.0,3.0,16.0,75.0,4.0,1.0,3.0,4.0,10.0,11.0,4.0,45.0,72.0,5.0,7.0,10.0,7.0,2.0,22.0,0.0,9.0,1.0,723.0,4.0,8.0,26.0,13.0,13.0,16.0,3.0,8.0,4.0
7828096,2019-2020,19,1545836400,Ended,Manchester United,Huddersfield Town,35,59,3.0,1.0,Old Trafford,Jonathan Moss,74523.0,4.0,28.0,245.0,12.0,36.0,2.0,1.0,1.0,1.0,3.0,10.0,7.0,50.0,41.0,0.0,13.0,8.0,3.0,7.0,42.0,0.0,21.0,4.0,335.0,7.0,2.0,20.0,22.0,6.0,10.0,4.0,27.0,15.0,1.0,2.0,34.0,529.0,17.0,64.0,2.0,1.0,1.0,4.0,5.0,16.0,10.0,50.0,72.0,3.0,9.0,13.0,12.0,1.0,36.0,0.0,12.0,1.0,634.0,2.0,10.0,32.0,14.0,10.0,16.0,6.0,14.0,6.0,1.0
7828102,2019-2020,20,1546095600,Ended,Fulham,Huddersfield Town,43,59,1.0,0.0,Craven Cottage,Kevin Friend,24423.0,3.0,38.0,418.0,25.0,57.0,0.0,0.0,3.0,3.0,7.0,5.0,46.0,53.0,1.0,10.0,12.0,7.0,4.0,26.0,0.0,12.0,2.0,529.0,1.0,5.0,27.0,18.0,5.0,9.0,4.0,9.0,4.0,1.0,6.0,34.0,295.0,38.0,43.0,2.0,2.0,2.0,4.0,8.0,5.0,54.0,75.0,5.0,12.0,9.0,7.0,5.0,22.0,0.0,10.0,3.0,395.0,7.0,5.0,23.0,26.0,12.0,14.0,2.0,8.0,8.0,3.0,,
7828109,2019-2020,20,1546095600,Ended,Leicester City,Cardiff City,31,61,0.0,1.0,King Power Stadium,Simon Hooper,32047.0,3.0,24.0,188.0,1.0,23.0,38.0,0.0,0.0,6.0,4.0,10.0,5.0,42.0,57.0,3.0,16.0,13.0,7.0,7.0,32.0,1.0,17.0,1.0,273.0,3.0,3.0,21.0,34.0,4.0,12.0,8.0,15.0,8.0,2.0,1.0,26.0,341.0,1.0,31.0,62.0,2.0,2.0,6.0,10.0,6.0,9.0,58.0,60.0,5.0,14.0,16.0,9.0,2.0,44.0,0.0,6.0,0.0,448.0,3.0,7.0,29.0,27.0,6.0,16.0,10.0,19.0,8.0,0.0
7828106,2019-2020,20,1546095600,Ended,Tottenham Hotspur,Wolverhampton,33,3,1.0,3.0,Wembley Stadium,Stuart Attwell,46356.0,6.0,29.0,330.0,1.0,15.0,40.0,2.0,2.0,3.0,7.0,11.0,16.0,55.0,49.0,1.0,7.0,6.0,6.0,2.0,40.0,0.0,12.0,4.0,413.0,4.0,4.0,16.0,14.0,9.0,11.0,2.0,18.0,11.0,2.0,1.0,20.0,587.0,1.0,13.0,60.0,0.0,0.0,3.0,6.0,10.0,9.0,45.0,56.0,1.0,7.0,6.0,3.0,1.0,32.0,1.0,4.0,0.0,664.0,4.0,3.0,20.0,18.0,1.0,10.0,9.0,18.0,7.0,3.0
7828110,2019-2020,20,1546171200,Ended,Crystal Palace,Chelsea,7,38,0.0,1.0,Selhurst Park,Craig Pawson,25781.0,3.0,34.0,690.0,1.0,12.0,66.0,1.0,1.0,4.0,4.0,9.0,7.0,51.0,82.0,4.0,8.0,10.0,6.0,0.0,29.0,2.0,17.0,3.0,781.0,4.0,4.0,18.0,17.0,4.0,12.0,8.0,13.0,5.0,1.0,2.0,28.0,305.0,0.0,12.0,34.0,0.0,0.0,2.0,3.0,8.0,7.0,49.0,50.0,1.0,11.0,8.0,8.0,3.0,28.0,0.0,15.0,3.0,394.0,2.0,0.0,20.0,24.0,4.0,4.0,0.0,13.0,6.0,0.0
7828027,2019-2020,21,1546345800,Ended,Everton,Leicester City,48,31,0.0,1.0,Goodison Park,Martin Atkinson,39052.0,3.0,25.0,241.0,1.0,31.0,41.0,1.0,1.0,1.0,5.0,12.0,16.0,56.0,49.0,2.0,8.0,5.0,12.0,2.0,47.0,0.0,13.0,2.0,366.0,3.0,4.0,28.0,34.0,4.0,8.0,4.0,26.0,14.0,1.0,7.0,35.0,389.0,0.0,32.0,59.0,0.0,0.0,8.0,6.0,14.0,6.0,44.0,58.0,4.0,5.0,6.0,5.0,3.0,30.0,1.0,12.0,1.0,525.0,7.0,2.0,31.0,13.0,14.0,17.0,3.0,18.0,13.0,3.0
7828032,2019-2020,21,1546363800,Ended,Cardiff City,Tottenham Hotspur,61,33,0.0,3.0,Cardiff City Stadium,Kevin Friend,32485.0,2.0,29.0,747.0,1.0,14.0,74.0,1.0,1.0,3.0,3.0,7.0,9.0,48.0,51.0,1.0,6.0,6.0,3.0,3.0,23.0,0.0,4.0,2.0,823.0,6.0,4.0,18.0,24.0,9.0,13.0,4.0,9.0,4.0,0.0,4.0,27.0,216.0,0.0,14.0,26.0,1.0,1.0,0.0,5.0,6.0,6.0,52.0,44.0,2.0,6.0,6.0,7.0,1.0,26.0,0.0,10.0,6.0,290.0,2.0,3.0,11.0,14.0,3.0,5.0,2.0,14.0,8.0,1.0
7828025,2019-2020,21,1546458300,Ended,Bournemouth,Watford,60,24,3.0,3.0,Vitality Stadium,David Coote,10261.0,1.0,30.0,266.0,34.0,43.0,1.0,0.0,1.0,2.0,2.0,10.0,2.0,48.0,55.0,3.0,15.0,8.0,7.0,9.0,27.0,0.0,11.0,2.0,379.0,6.0,3.0,19.0,23.0,6.0,11.0,5.0,17.0,11.0,4.0,7.0,30.0,372.0,26.0,57.0,7.0,5.0,2.0,5.0,4.0,10.0,10.0,52.0,60.0,3.0,9.0,15.0,9.0,0.0,40.0,0.0,9.0,2.0,491.0,8.0,12.0,20.0,16.0,18.0,25.0,7.0,15.0,10.0,1.0
7828028,2019-2020,21,1546458300,Ended,Wolverhampton,Crystal Palace,3,7,0.0,2.0,Molineux Stadium,Roger East,30666.0,0.0,17.0,385.0,15.0,49.0,2.0,0.0,2.0,7.0,10.0,14.0,14.0,47.0,55.0,3.0,7.0,9.0,9.0,1.0,41.0,0.0,12.0,0.0,480.0,6.0,4.0,23.0,9.0,9.0,17.0,8.0,19.0,10.0,1.0,2.0,41.0,431.0,26.0,51.0,2.0,2.0,0.0,3.0,3.0,14.0,5.0,53.0,53.0,0.0,9.0,7.0,9.0,2.0,38.0,0.0,9.0,1.0,527.0,5.0,1.0,18.0,40.0,4.0,9.0,5.0,26.0,11.0,4.0
7828030,2019-2020,21,1546458300,Ended,West Ham United,Brighton & Hove Albion,37,30,2.0,2.0,London Stadium,Chris Kavanagh,59870.0,8.0,25.0,310.0,0.0,19.0,46.0,1.0,1.0,5.0,5.0,8.0,7.0,50.0,55.0,1.0,11.0,9.0,7.0,4.0,33.0,0.0,12.0,4.0,410.0,2.0,6.0,15.0,16.0,8.0,13.0,5.0,17.0,7.0,1.0,2.0,33.0,388.0,1.0,20.0,54.0,0.0,0.0,1.0,1.0,10.0,11.0,50.0,50.0,1.0,9.0,11.0,5.0,4.0,32.0,0.0,12.0,0.0,494.0,6.0,6.0,29.0,10.0,6.0,13.0,7.0,10.0,6.0,0.0
7828041,2019-2020,15,1544040000,Ended,Tottenham Hotspur,Southampton,33,45,3.0,1.0,Wembley Stadium,Anthony Taylor,33012.0,8.0,24.0,381.0,1.0,10.0,48.0,3.0,2.0,1.0,4.0,6.0,4.0,7.0,49.0,84.0,2.0,5.0,7.0,4.0,5.0,29.0,3.0,9.0,2.0,473.0,9.0,5.0,21.0,21.0,13.0,18.0,5.0,15.0,10.0,5.0,29.0,435.0,0.0,23.0,52.0,2.0,0.0,2.0,2.0,8.0,9.0,4.0,51.0,54.0,1.0,7.0,5.0,5.0,4.0,18.0,1.0,7.0,4.0,527.0,3.0,8.0,18.0,29.0,10.0,13.0,3.0,9.0,6.0
7828044,2019-2020,15,1544040000,Ended,Manchester United,Arsenal,35,42,2.0,2.0,Old Trafford,Andre Marriner,74507.0,4.0,24.0,446.0,12.0,56.0,3.0,2.0,1.0,3.0,4.0,13.0,9.0,50.0,38.0,1.0,10.0,13.0,2.0,5.0,34.0,0.0,7.0,3.0,545.0,2.0,4.0,22.0,21.0,6.0,9.0,3.0,12.0,6.0,3.0,4.0,31.0,354.0,14.0,44.0,2.0,0.0,2.0,3.0,4.0,9.0,7.0,50.0,59.0,2.0,13.0,10.0,5.0,3.0,32.0,0.0,19.0,2.0,447.0,0.0,7.0,22.0,18.0,4.0,10.0,6.0,15.0,8.0,3.0
7828058,2019-2020,16,1544272200,Ended,Bournemouth,Liverpool,60,44,0.0,4.0,Vitality Stadium,Lee Mason,10752.0,2.0,34.0,531.0,1.0,17.0,60.0,2.0,2.0,2.0,6.0,9.0,13.0,52.0,64.0,1.0,11.0,8.0,7.0,2.0,32.0,0.0,7.0,2.0,634.0,4.0,4.0,22.0,18.0,6.0,10.0,4.0,13.0,6.0,1.0,2.0,22.0,328.0,0.0,14.0,40.0,0.0,0.0,3.0,6.0,8.0,6.0,48.0,47.0,1.0,9.0,11.0,7.0,1.0,31.0,0.0,16.0,3.0,424.0,3.0,2.0,26.0,16.0,2.0,8.0,6.0,14.0,10.0,2.0
7828060,2019-2020,16,1544281200,Ended,Burnley,Brighton & Hove Albion,6,30,1.0,0.0,Turf Moor,Martin Atkinson,18497.0,9.0,33.0,387.0,30.0,63.0,2.0,2.0,1.0,7.0,5.0,10.0,53.0,57.0,2.0,11.0,10.0,11.0,3.0,31.0,0.0,13.0,1.0,515.0,12.0,1.0,22.0,20.0,8.0,14.0,6.0,11.0,6.0,0.0,5.0,23.0,200.0,30.0,37.0,1.0,1.0,6.0,2.0,5.0,2.0,47.0,73.0,2.0,11.0,11.0,11.0,1.0,25.0,0.0,11.0,2.0,307.0,4.0,4.0,25.0,21.0,10.0,14.0,4.0,12.0,6.0,2.0,,
7828056,2019-2020,16,1544281200,Ended,Cardiff City,Southampton,61,45,1.0,0.0,Cardiff City Stadium,Jonathan Moss,30067.0,4.0,24.0,332.0,21.0,64.0,0.0,0.0,0.0,5.0,7.0,7.0,4.0,45.0,69.0,3.0,10.0,7.0,12.0,3.0,29.0,1.0,15.0,0.0,448.0,6.0,1.0,32.0,34.0,5.0,12.0,7.0,17.0,11.0,2.0,5.0,18.0,149.0,25.0,36.0,2.0,1.0,1.0,1.0,7.0,6.0,15.0,55.0,64.0,2.0,9.0,10.0,11.0,1.0,36.0,0.0,14.0,4.0,248.0,8.0,4.0,25.0,28.0,12.0,13.0,1.0,13.0,7.0,2.0
7828062,2019-2020,16,1544281200,Ended,West Ham United,Crystal Palace,37,7,3.0,2.0,London Stadium,Anthony Taylor,56995.0,3.0,21.0,376.0,10.0,52.0,1.0,0.0,1.0,2.0,3.0,11.0,8.0,44.0,55.0,2.0,8.0,10.0,7.0,3.0,37.0,1.0,8.0,0.0,474.0,2.0,4.0,14.0,21.0,5.0,8.0,3.0,19.0,15.0,2.0,6.0,49.0,348.0,25.0,48.0,2.0,1.0,1.0,2.0,5.0,14.0,10.0,56.0,54.0,2.0,10.0,7.0,6.0,2.0,36.0,0.0,13.0,2.0,430.0,5.0,6.0,18.0,20.0,9.0,13.0,4.0,19.0,10.0,1.0
7828064,2019-2020,16,1544281200,Ended,Arsenal,Huddersfield Town,42,59,1.0,0.0,Emirates Stadium,Paul Tierney,59893.0,4.0,37.0,218.0,24.0,39.0,0.0,0.0,0.0,1.0,1.0,10.0,4.0,48.0,60.0,1.0,20.0,10.0,10.0,2.0,29.0,0.0,15.0,0.0,323.0,5.0,0.0,17.0,22.0,5.0,6.0,1.0,16.0,9.0,4.0,3.0,26.0,424.0,19.0,61.0,4.0,3.0,1.0,4.0,7.0,10.0,3.0,52.0,56.0,2.0,13.0,19.0,9.0,0.0,38.0,0.0,11.0,2.0,525.0,8.0,2.0,23.0,14.0,8.0,14.0,6.0,17.0,10.0,5.0
7828061,2019-2020,16,1544290200,Ended,Chelsea,Manchester City,38,17,2.0,0.0,Stamford Bridge,Michael Oliver,40571.0,3.0,40.0,563.0,2.0,7.0,62.0,4.0,13.0,19.0,16.0,44.0,59.0,3.0,11.0,11.0,6.0,3.0,46.0,0.0,8.0,2.0,640.0,6.0,4.0,23.0,11.0,10.0,14.0,4.0,19.0,15.0,0.0,3.0,19.0,334.0,0.0,18.0,38.0,2.0,1.0,15.0,10.0,56.0,20.0,3.0,12.0,11.0,7.0,4.0,49.0,0.0,19.0,1.0,410.0,1.0,5.0,22.0,31.0,5.0,8.0,3.0,28.0,14.0,2.0,,,,
7828063,2019-2020,16,1544371200,Ended,Newcastle United,Wolverhampton,39,3,1.0,2.0,St James' Park,Mike Dean,50223.0,5.0,25.0,340.0,33.0,50.0,2.0,2.0,2.0,6.0,8.0,4.0,49.0,52.0,4.0,17.0,10.0,9.0,3.0,26.0,1.0,7.0,2.0,425.0,0.0,5.0,6.0,15.0,30.0,9.0,13.0,4.0,13.0,9.0,5.0,9.0,27.0,337.0,26.0,50.0,0.0,0.0,3.0,4.0,7.0,8.0,51.0,50.0,6.0,10.0,15.0,7.0,4.0,35.0,1.0,7.0,0.0,425.0,1.0,5.0,4.0,19.0,23.0,7.0,12.0,5.0,13.0,10.0,2.0
7828057,2019-2020,16,1544472000,Ended,Everton,Watford,48,24,2.0,2.0,Goodison Park,Kevin Friend,38400.0,2.0,26.0,223.0,24.0,44.0,2.0,1.0,1.0,5.0,6.0,15.0,11.0,55.0,55.0,6.0,13.0,12.0,4.0,3.0,47.0,1.0,12.0,4.0,324.0,7.0,3.0,26.0,28.0,11.0,15.0,4.0,24.0,13.0,1.0,10.0,27.0,322.0,18.0,56.0,2.0,1.0,1.0,2.0,6.0,18.0,5.0,45.0,49.0,4.0,13.0,12.0,8.0,2.0,41.0,0.0,6.0,4.0,414.0,5.0,5.0,25.0,28.0,10.0,12.0,2.0,24.0,10.0,1.0
7828067,2019-2020,17,1544886000,Ended,Watford,Cardiff City,24,61,3.0,2.0,Vicarage Road,Andy Madley,20032.0,3.0,26.0,158.0,13.0,29.0,0.0,0.0,0.0,3.0,0.0,9.0,3.0,43.0,48.0,1.0,5.0,7.0,10.0,5.0,27.0,0.0,12.0,1.0,255.0,4.0,3.0,18.0,26.0,6.0,10.0,4.0,17.0,11.0,1.0,30.0,548.0,21.0,71.0,2.0,1.0,1.0,3.0,5.0,9.0,15.0,57.0,70.0,1.0,7.0,5.0,8.0,1.0,33.0,0.0,6.0,2.0,663.0,6.0,8.0,25.0,14.0,9.0,17.0,8.0,13.0,6.0,,
7828070,2019-2020,17,1544886000,Ended,Huddersfield Town,Newcastle United,59,39,0.0,1.0,Accu Stadium,Anthony Taylor,24036.0,0.0,22.0,129.0,22.0,27.0,2.0,1.0,1.0,1.0,1.0,10.0,5.0,40.0,19.0,1.0,13.0,4.0,11.0,5.0,26.0,0.0,16.0,1.0,233.0,2.0,5.0,27.0,61.0,3.0,8.0,5.0,17.0,7.0,1.0,12.0,55.0,503.0,32.0,73.0,0.0,0.0,0.0,3.0,10.0,10.0,9.0,60.0,90.0,6.0,5.0,12.0,3.0,4.0,40.0,0.0,14.0,2.0,624.0,7.0,5.0,31.0,13.0,10.0,15.0,5.0,19.0,10.0,1.0
7828068,2019-2020,17,1544886000,Ended,Crystal Palace,Leicester City,7,31,1.0,0.0,Selhurst Park,Michael Oliver,24738.0,5.0,47.0,388.0,1.0,20.0,57.0,1.0,1.0,3.0,4.0,17.0,9.0,50.0,64.0,0.0,8.0,9.0,10.0,0.0,42.0,1.0,13.0,3.0,495.0,7.0,2.0,28.0,9.0,8.0,12.0,4.0,24.0,9.0,1.0,2.0,23.0,283.0,0.0,18.0,43.0,0.0,0.0,2.0,4.0,17.0,9.0,50.0,57.0,3.0,10.0,8.0,13.0,2.0,44.0,0.0,12.0,6.0,384.0,5.0,1.0,26.0,31.0,4.0,8.0,4.0,27.0,19.0,2.0
7828080,2019-2020,18,1545422400,Ended,Wolverhampton,Liverpool,3,44,0.0,2.0,Molineux Stadium,Craig Pawson,31358.0,2.0,35.0,574.0,3.0,11.0,62.0,4.0,3.0,1.0,5.0,10.0,18.0,16.0,53.0,55.0,2.0,3.0,7.0,8.0,5.0,39.0,0.0,5.0,2.0,675.0,4.0,6.0,33.0,18.0,9.0,15.0,6.0,16.0,11.0,2.0,39.0,316.0,0.0,7.0,38.0,1.0,1.0,0.0,2.0,1.0,11.0,11.0,47.0,55.0,0.0,7.0,2.0,4.0,5.0,38.0,0.0,22.0,4.0,420.0,4.0,5.0,25.0,15.0,9.0,11.0,2.0,26.0,18.0
7828076,2019-2020,18,1545490800,Ended,Bournemouth,Brighton & Hove Albion,60,30,2.0,0.0,Vitality Stadium,Mike Dean,10491.0,4.0,35.0,291.0,14.0,43.0,1.0,1.0,1.0,5.0,5.0,9.0,44.0,49.0,1.0,18.0,6.0,8.0,1.0,34.0,0.0,16.0,2.0,392.0,1.0,4.0,5.0,23.0,19.0,4.0,10.0,6.0,19.0,11.0,2.0,5.0,17.0,439.0,26.0,57.0,0.0,0.0,4.0,6.0,7.0,10.0,56.0,57.0,5.0,8.0,16.0,7.0,5.0,36.0,0.0,7.0,3.0,541.0,0.0,7.0,3.0,28.0,15.0,5.0,14.0,9.0,11.0,5.0,2.0
7828081,2019-2020,18,1545490800,Ended,Newcastle United,Fulham,39,43,0.0,0.0,St James' Park,Martin Atkinson,51237.0,0.0,25.0,362.0,22.0,47.0,2.0,0.0,19.0,9.0,46.0,47.0,2.0,12.0,9.0,11.0,0.0,27.0,0.0,10.0,4.0,463.0,0.0,2.0,21.0,40.0,2.0,4.0,2.0,9.0,7.0,2.0,8.0,39.0,405.0,21.0,53.0,4.0,6.0,7.0,5.0,54.0,59.0,2.0,9.0,11.0,2.0,2.0,37.0,0.0,7.0,2.0,499.0,5.0,0.0,25.0,10.0,5.0,9.0,4.0,22.0,15.0,1.0,,,,,,
7828075,2019-2020,18,1545490800,Ended,Manchester City,Crystal Palace,17,7,2.0,3.0,Etihad Stadium,Andre Marriner,54340.0,1.0,11.0,119.0,17.0,22.0,2.0,1.0,1.0,0.0,0.0,9.0,6.0,50.0,30.0,3.0,6.0,7.0,14.0,3.0,36.0,1.0,16.0,1.0,213.0,2.0,3.0,12.0,46.0,4.0,5.0,1.0,23.0,14.0,4.0,13.0,36.0,649.0,20.0,78.0,2.0,1.0,1.0,5.0,13.0,9.0,10.0,50.0,93.0,4.0,7.0,6.0,2.0,0.0,33.0,1.0,6.0,2.0,733.0,9.0,5.0,24.0,3.0,11.0,19.0,8.0,17.0,7.0,0.0
7827974,2019-2020,12,1541945700,Ended,Chelsea,Everton,38,48,0.0,0.0,Stamford Bridge,Kevin Friend,40345.0,5.0,25.0,233.0,1.0,18.0,32.0,1.0,1.0,2.0,5.0,10.0,8.0,52.0,33.0,3.0,11.0,7.0,18.0,4.0,36.0,0.0,14.0,7.0,309.0,3.0,1.0,19.0,21.0,2.0,6.0,4.0,21.0,11.0,3.0,3.0,22.0,615.0,4.0,12.0,68.0,3.0,3.0,4.0,5.0,16.0,8.0,48.0,71.0,2.0,7.0,11.0,9.0,1.0,38.0,1.0,4.0,5.0,688.0,7.0,4.0,23.0,13.0,7.0,15.0,8.0,19.0,11.0,4.0
7827980,2019-2020,12,1541953800,Ended,Arsenal,Wolverhampton,42,3,1.0,1.0,Emirates Stadium,Stuart Attwell,60030.0,2.0,32.0,208.0,18.0,29.0,3.0,2.0,1.0,2.0,2.0,9.0,7.0,55.0,34.0,2.0,16.0,8.0,10.0,2.0,34.0,1.0,28.0,2.0,292.0,6.0,5.0,20.0,26.0,7.0,13.0,6.0,19.0,9.0,2.0,2.0,22.0,635.0,8.0,71.0,1.0,1.0,0.0,4.0,11.0,8.0,9.0,45.0,87.0,0.0,9.0,15.0,2.0,4.0,35.0,1.0,8.0,1.0,734.0,3.0,3.0,27.0,4.0,5.0,10.0,5.0,12.0,10.0,2.0
7827981,2019-2020,12,1541953800,Ended,Manchester City,Manchester United,17,35,3.0,1.0,Etihad Stadium,Anthony Taylor,54316.0,1.0,25.0,319.0,1.0,12.0,36.0,1.0,1.0,4.0,1.0,6.0,4.0,51.0,34.0,3.0,12.0,12.0,10.0,2.0,34.0,0.0,6.0,380.0,1.0,1.0,14.0,29.0,5.0,6.0,1.0,18.0,9.0,1.0,4.0,28.0,642.0,1.0,9.0,64.0,2.0,2.0,6.0,5.0,11.0,11.0,49.0,64.0,3.0,12.0,11.0,5.0,0.0,35.0,0.0,8.0,700.0,6.0,5.0,19.0,14.0,8.0,17.0,9.0,13.0,12.0,1.0,,
7827994,2019-2020,13,1543071600,Ended,Brighton & Hove Albion,Leicester City,30,31,1.0,1.0,American Express Stadium,Chris Kavanagh,30553.0,3.0,28.0,274.0,23.0,46.0,1.0,1.0,2.0,1.0,8.0,6.0,56.0,50.0,4.0,7.0,9.0,6.0,2.0,32.0,0.0,15.0,1.0,369.0,1.0,3.0,3.0,34.0,20.0,6.0,8.0,2.0,17.0,12.0,3.0,5.0,37.0,336.0,10.0,54.0,0.0,0.0,3.0,6.0,10.0,8.0,44.0,43.0,3.0,10.0,6.0,10.0,2.0,33.0,0.0,12.0,5.0,431.0,0.0,8.0,3.0,29.0,11.0,9.0,14.0,5.0,19.0,13.0,3.0
7828002,2019-2020,13,1543071600,Ended,West Ham United,Manchester City,37,17,0.0,4.0,London Stadium,Andre Marriner,56886.0,0.0,31.0,747.0,0.0,10.0,70.0,3.0,0.0,3.0,1.0,1.0,12.0,10.0,48.0,63.0,1.0,3.0,6.0,9.0,1.0,29.0,0.0,18.0,3.0,839.0,2.0,6.0,13.0,14.0,9.0,9.0,0.0,13.0,10.0,2.0,28.0,269.0,1.0,11.0,30.0,1.0,1.0,0.0,3.0,8.0,4.0,7.0,52.0,43.0,1.0,6.0,3.0,6.0,2.0,31.0,1.0,14.0,2.0,359.0,5.0,1.0,16.0,11.0,6.0,9.0,3.0,21.0,9.0
7827996,2019-2020,13,1543071600,Ended,Manchester United,Crystal Palace,35,7,0.0,0.0,Old Trafford,Lee Mason,74516.0,1.0,18.0,264.0,13.0,41.0,2.0,2.0,2.0,3.0,17.0,11.0,47.0,49.0,1.0,12.0,11.0,9.0,5.0,35.0,0.0,13.0,3.0,351.0,9.0,2.0,22.0,39.0,5.0,13.0,8.0,13.0,11.0,2.0,3.0,40.0,421.0,18.0,59.0,2.0,2.0,3.0,10.0,7.0,3.0,53.0,79.0,2.0,13.0,11.0,8.0,2.0,37.0,0.0,5.0,2.0,509.0,4.0,5.0,22.0,17.0,7.0,12.0,5.0,23.0,13.0,1.0,,
7827993,2019-2020,13,1543152600,Ended,Bournemouth,Arsenal,60,42,1.0,2.0,Vitality Stadium,Craig Pawson,10792.0,2.0,19.0,464.0,0.0,18.0,59.0,1.0,1.0,5.0,8.0,9.0,3.0,47.0,59.0,0.0,9.0,6.0,6.0,5.0,29.0,1.0,8.0,2.0,574.0,11.0,4.0,25.0,20.0,11.0,20.0,9.0,20.0,15.0,1.0,5.0,22.0,295.0,1.0,23.0,41.0,0.0,0.0,4.0,5.0,16.0,7.0,53.0,49.0,3.0,6.0,9.0,13.0,3.0,30.0,1.0,13.0,4.0,394.0,2.0,5.0,24.0,30.0,5.0,11.0,6.0,14.0,7.0,2.0
7827999,2019-2020,13,1543161600,Ended,Wolverhampton,Huddersfield Town,3,59,0.0,2.0,Molineux Stadium,Kevin Friend,30130.0,4.0,47.0,434.0,29.0,56.0,4.0,5.0,15.0,4.0,56.0,53.0,3.0,8.0,9.0,5.0,2.0,41.0,0.0,25.0,1.0,547.0,4.0,6.0,20.0,19.0,6.0,14.0,8.0,28.0,19.0,2.0,2.0,29.0,332.0,19.0,44.0,3.0,3.0,17.0,9.0,44.0,57.0,3.0,9.0,8.0,6.0,4.0,37.0,1.0,16.0,1.0,443.0,6.0,3.0,34.0,18.0,6.0,12.0,6.0,21.0,13.0,1.0,,,,,,
7827995,2019-2020,13,1543264200,Ended,Burnley,Newcastle United,6,39,1.0,2.0,Turf Moor,Anthony Taylor,20628.0,5.0,34.0,365.0,1.0,28.0,44.0,3.0,3.0,6.0,5.0,10.0,7.0,44.0,50.0,0.0,11.0,6.0,6.0,3.0,24.0,1.0,13.0,1.0,450.0,8.0,3.0,11.0,45.0,8.0,17.0,9.0,12.0,8.0,1.0,5.0,53.0,487.0,0.0,26.0,56.0,2.0,2.0,2.0,5.0,9.0,15.0,56.0,81.0,1.0,6.0,11.0,5.0,1.0,41.0,0.0,8.0,1.0,585.0,8.0,4.0,24.0,21.0,9.0,14.0,5.0,15.0,8.0,0.0
7828015,2019-2020,14,1543608000,Ended,Cardiff City,Wolverhampton,61,3,2.0,1.0,Cardiff City Stadium,Andre Marriner,30213.0,3.0,34.0,236.0,43.0,53.0,1.0,1.0,2.0,6.0,14.0,5.0,46.0,58.0,1.0,12.0,3.0,12.0,0.0,29.0,0.0,8.0,0.0,345.0,9.0,4.0,32.0,48.0,7.0,15.0,8.0,21.0,13.0,2.0,6.0,20.0,190.0,39.0,47.0,1.0,1.0,6.0,7.0,9.0,7.0,54.0,74.0,2.0,3.0,12.0,11.0,3.0,45.0,1.0,12.0,2.0,312.0,8.0,3.0,31.0,21.0,10.0,17.0,7.0,26.0,12.0,1.0,,
7828011,2019-2020,14,1543676400,Ended,Crystal Palace,Burnley,7,6,2.0,0.0,Selhurst Park,Lee Probert,25098.0,5.0,41.0,268.0,0.0,24.0,42.0,0.0,0.0,2.0,2.0,8.0,3.0,51.0,61.0,0.0,10.0,9.0,13.0,7.0,29.0,0.0,15.0,2.0,357.0,2.0,0.0,23.0,33.0,4.0,4.0,0.0,18.0,9.0,1.0,3.0,33.0,415.0,1.0,20.0,58.0,1.0,1.0,9.0,10.0,14.0,13.0,49.0,56.0,2.0,9.0,8.0,4.0,0.0,30.0,1.0,10.0,1.0,518.0,11.0,9.0,27.0,19.0,17.0,29.0,12.0,9.0,6.0,1.0
7828021,2019-2020,14,1543676400,Ended,Manchester City,Bournemouth,17,60,3.0,1.0,Etihad Stadium,Stuart Attwell,54409.0,1.0,20.0,210.0,0.0,26.0,27.0,2.0,2.0,0.0,1.0,4.0,8.0,8.0,54.0,42.0,0.0,3.0,9.0,6.0,3.0,23.0,0.0,12.0,3.0,286.0,2.0,1.0,22.0,36.0,3.0,4.0,1.0,6.0,6.0,5.0,36.0,712.0,2.0,13.0,73.0,4.0,1.0,3.0,5.0,8.0,3.0,12.0,46.0,73.0,1.0,9.0,3.0,7.0,0.0,29.0,1.0,11.0,2.0,786.0,5.0,6.0,18.0,21.0,12.0,16.0,4.0,14.0,12.0
7828023,2019-2020,14,1543685400,Ended,Southampton,Manchester United,45,35,2.0,2.0,St. Mary's Stadium,Kevin Friend,30187.0,5.0,23.0,436.0,26.0,60.0,1.0,1.0,2.0,5.0,15.0,10.0,59.0,45.0,6.0,13.0,12.0,7.0,4.0,46.0,0.0,10.0,2.0,520.0,4.0,5.0,27.0,15.0,7.0,11.0,4.0,24.0,14.0,4.0,4.0,16.0,278.0,9.0,40.0,0.0,0.0,4.0,3.0,13.0,9.0,41.0,49.0,4.0,12.0,13.0,9.0,3.0,42.0,0.0,16.0,0.0,358.0,6.0,6.0,11.0,23.0,5.0,16.0,11.0,20.0,14.0,4.0,,
7828037,2019-2020,15,1543952700,Ended,Bournemouth,Huddersfield Town,60,59,2.0,1.0,Vitality Stadium,Roger East,9980.0,13.0,39.0,501.0,39.0,68.0,1.0,1.0,0.0,7.0,8.0,10.0,4.0,57.0,82.0,3.0,11.0,13.0,5.0,0.0,39.0,0.0,12.0,0.0,608.0,10.0,6.0,31.0,8.0,17.0,23.0,6.0,22.0,9.0,2.0,2.0,24.0,218.0,30.0,32.0,2.0,0.0,2.0,0.0,4.0,15.0,5.0,43.0,39.0,3.0,14.0,10.0,8.0,5.0,29.0,0.0,14.0,3.0,304.0,4.0,2.0,21.0,55.0,4.0,6.0,2.0,14.0,8.0,4.0
7828035,2019-2020,15,1543952700,Ended,Brighton & Hove Albion,Crystal Palace,30,7,3.0,1.0,American Express Stadium,Kevin Friend,29663.0,5.0,22.0,502.0,16.0,69.0,1.0,1.0,5.0,5.0,19.0,8.0,46.0,75.0,6.0,12.0,13.0,4.0,0.0,38.0,0.0,5.0,591.0,0.0,8.0,5.0,32.0,13.0,10.0,18.0,8.0,17.0,11.0,3.0,2.0,19.0,189.0,14.0,31.0,1.0,1.0,3.0,4.0,10.0,7.0,54.0,42.0,2.0,14.0,12.0,11.0,3.0,49.0,0.0,16.0,269.0,1.0,3.0,3.0,15.0,33.0,6.0,9.0,3.0,30.0,15.0,2.0,,
7828033,2019-2020,15,1544039100,Ended,Fulham,Leicester City,43,31,1.0,1.0,Craven Cottage,David Coote,22881.0,5.0,34.0,258.0,1.0,20.0,55.0,1.0,1.0,2.0,8.0,5.0,4.0,48.0,68.0,1.0,7.0,12.0,11.0,6.0,29.0,0.0,15.0,2.0,385.0,6.0,5.0,32.0,25.0,11.0,13.0,2.0,14.0,5.0,7.0,24.0,209.0,0.0,31.0,45.0,1.0,1.0,8.0,10.0,12.0,9.0,52.0,70.0,4.0,12.0,7.0,8.0,4.0,23.0,0.0,14.0,2.0,315.0,10.0,7.0,31.0,13.0,15.0,25.0,10.0,7.0,5.0,,
7828008,2019-2020,9,1540053000,Ended,Huddersfield Town,Liverpool,59,44,0.0,1.0,Accu Stadium,Michael Oliver,24263.0,3.0,25.0,473.0,22.0,53.0,5.0,4.0,12.0,8.0,51.0,57.0,0.0,6.0,9.0,7.0,1.0,31.0,0.0,9.0,2.0,585.0,4.0,2.0,34.0,32.0,6.0,11.0,5.0,14.0,8.0,2.0,7.0,30.0,419.0,23.0,47.0,6.0,2.0,8.0,4.0,49.0,50.0,1.0,9.0,5.0,6.0,1.0,28.0,1.0,12.0,3.0,521.0,6.0,1.0,27.0,21.0,7.0,13.0,6.0,20.0,14.0,0.0,,,,,,
7827928,2019-2020,10,1540648800,Ended,Brighton & Hove Albion,Wolverhampton,30,3,1.0,0.0,American Express Stadium,Anthony Taylor,30654.0,9.0,37.0,439.0,24.0,61.0,1.0,1.0,0.0,10.0,10.0,10.0,12.0,50.0,73.0,1.0,8.0,11.0,6.0,0.0,33.0,0.0,19.0,1.0,523.0,8.0,7.0,27.0,10.0,13.0,25.0,12.0,11.0,5.0,0.0,3.0,31.0,262.0,20.0,39.0,2.0,1.0,1.0,1.0,1.0,7.0,12.0,50.0,43.0,1.0,11.0,7.0,8.0,7.0,38.0,1.0,5.0,0.0,362.0,5.0,1.0,25.0,33.0,5.0,7.0,2.0,19.0,13.0,3.0
7827934,2019-2020,10,1540648800,Ended,Southampton,Newcastle United,45,39,0.0,0.0,St. Mary's Stadium,Chris Kavanagh,30736.0,2.0,27.0,297.0,21.0,50.0,0.0,0.0,2.0,2.0,5.0,3.0,44.0,53.0,2.0,12.0,9.0,15.0,4.0,27.0,0.0,13.0,3.0,414.0,4.0,0.0,29.0,48.0,3.0,6.0,3.0,16.0,6.0,1.0,9.0,22.0,302.0,29.0,50.0,1.0,1.0,5.0,7.0,8.0,9.0,56.0,65.0,1.0,9.0,11.0,6.0,0.0,32.0,1.0,19.0,1.0,405.0,13.0,4.0,23.0,23.0,14.0,22.0,8.0,13.0,4.0,0.0,,
7827927,2019-2020,10,1540648800,Ended,Liverpool,Cardiff City,44,61,4.0,1.0,Anfield,Stuart Attwell,53373.0,0.0,14.0,122.0,0.0,14.0,21.0,1.0,0.0,1.0,0.0,0.0,6.0,8.0,50.0,43.0,2.0,4.0,6.0,8.0,2.0,28.0,0.0,20.0,4.0,207.0,1.0,1.0,21.0,41.0,1.0,2.0,1.0,14.0,8.0,5.0,20.0,727.0,1.0,18.0,79.0,4.0,1.0,3.0,6.0,8.0,8.0,9.0,50.0,68.0,1.0,6.0,4.0,2.0,0.0,24.0,1.0,6.0,0.0,818.0,6.0,7.0,23.0,11.0,9.0,19.0,10.0,12.0,7.0
7827951,2019-2020,11,1541266200,Ended,Arsenal,Liverpool,42,44,1.0,1.0,Emirates Stadium,Andre Marriner,59993.0,3.0,27.0,276.0,2.0,12.0,39.0,2.0,2.0,4.0,8.0,13.0,13.0,48.0,36.0,0.0,7.0,6.0,8.0,3.0,32.0,2.0,8.0,1.0,356.0,5.0,4.0,28.0,29.0,10.0,13.0,3.0,13.0,10.0,1.0,5.0,28.0,501.0,4.0,15.0,61.0,2.0,2.0,3.0,5.0,7.0,5.0,52.0,54.0,2.0,7.0,7.0,8.0,3.0,32.0,0.0,12.0,7.0,586.0,5.0,4.0,28.0,28.0,9.0,12.0,3.0,20.0,11.0,1.0
7827948,2019-2020,11,1541448000,Ended,Huddersfield Town,Fulham,59,43,1.0,0.0,Accu Stadium,Anthony Taylor,17082.0,4.0,29.0,350.0,27.0,55.0,4.0,4.0,11.0,13.0,51.0,48.0,2.0,8.0,11.0,12.0,2.0,40.0,0.0,7.0,6.0,490.0,3.0,1.0,44.0,17.0,7.0,8.0,1.0,17.0,11.0,2.0,3.0,38.0,261.0,27.0,45.0,2.0,5.0,13.0,5.0,49.0,73.0,3.0,11.0,8.0,9.0,1.0,37.0,1.0,25.0,3.0,387.0,6.0,2.0,24.0,10.0,5.0,10.0,5.0,25.0,20.0,1.0,,,,,,
7827968,2019-2020,12,1541853000,Ended,Cardiff City,Brighton & Hove Albion,61,30,2.0,1.0,Cardiff City Stadium,Martin Atkinson,29402.0,2.0,25.0,202.0,39.0,40.0,1.0,1.0,2.0,1.0,8.0,10.0,50.0,42.0,1.0,21.0,7.0,10.0,3.0,30.0,0.0,9.0,315.0,1.0,2.0,3.0,23.0,36.0,4.0,7.0,3.0,14.0,9.0,1.0,2.0,20.0,362.0,30.0,60.0,2.0,2.0,5.0,4.0,9.0,7.0,50.0,93.0,6.0,7.0,19.0,2.0,2.0,38.0,3.0,9.0,472.0,0.0,9.0,6.0,21.0,7.0,9.0,20.0,11.0,12.0,7.0,2.0,,
7827979,2019-2020,12,1541862000,Ended,Southampton,Watford,45,24,1.0,1.0,St. Mary's Stadium,Simon Hooper,28153.0,2.0,30.0,302.0,20.0,58.0,2.0,2.0,0.0,3.0,6.0,15.0,5.0,44.0,50.0,1.0,13.0,12.0,12.0,3.0,28.0,0.0,8.0,4.0,420.0,3.0,6.0,34.0,16.0,8.0,12.0,4.0,11.0,7.0,2.0,3.0,20.0,210.0,24.0,42.0,2.0,1.0,1.0,4.0,7.0,6.0,9.0,56.0,53.0,2.0,13.0,13.0,3.0,5.0,38.0,0.0,19.0,4.0,305.0,6.0,4.0,21.0,37.0,7.0,14.0,7.0,17.0,11.0,3.0
7827973,2019-2020,12,1541862000,Ended,Huddersfield Town,West Ham United,59,37,1.0,1.0,Accu Stadium,Chris Kavanagh,24069.0,3.0,31.0,345.0,0.0,14.0,57.0,3.0,3.0,3.0,6.0,14.0,11.0,46.0,43.0,1.0,8.0,9.0,8.0,6.0,38.0,0.0,10.0,3.0,448.0,4.0,5.0,26.0,22.0,8.0,12.0,4.0,18.0,12.0,1.0,3.0,28.0,257.0,1.0,31.0,43.0,2.0,2.0,1.0,5.0,12.0,5.0,54.0,63.0,1.0,9.0,8.0,11.0,2.0,31.0,2.0,10.0,7.0,354.0,7.0,7.0,17.0,26.0,6.0,15.0,9.0,18.0,12.0,1.0
7827978,2019-2020,12,1541862000,Ended,Leicester City,Burnley,31,6,0.0,0.0,King Power Stadium,Mike Dean,32184.0,4.0,28.0,189.0,26.0,37.0,0.0,0.0,2.0,1.0,9.0,4.0,46.0,62.0,5.0,10.0,12.0,12.0,4.0,25.0,0.0,7.0,2.0,298.0,3.0,1.0,28.0,36.0,3.0,6.0,3.0,9.0,5.0,0.0,10.0,29.0,377.0,30.0,63.0,2.0,2.0,8.0,12.0,3.0,9.0,54.0,54.0,1.0,13.0,9.0,4.0,1.0,31.0,1.0,7.0,1.0,479.0,9.0,5.0,34.0,17.0,13.0,22.0,9.0,13.0,7.0,2.0,,
7827972,2019-2020,12,1541871000,Ended,Crystal Palace,Tottenham Hotspur,7,33,0.0,1.0,Selhurst Park,Jonathan Moss,25685.0,6.0,33.0,484.0,10.0,65.0,2.0,1.0,1.0,3.0,6.0,9.0,8.0,47.0,58.0,3.0,9.0,11.0,6.0,5.0,37.0,0.0,11.0,1.0,581.0,6.0,2.0,25.0,32.0,8.0,11.0,3.0,18.0,10.0,1.0,3.0,23.0,203.0,19.0,35.0,1.0,1.0,0.0,1.0,10.0,7.0,7.0,53.0,47.0,3.0,12.0,8.0,4.0,1.0,35.0,0.0,18.0,4.0,306.0,5.0,5.0,23.0,25.0,8.0,11.0,3.0,20.0,12.0,1.0
7827976,2019-2020,12,1541937600,Ended,Liverpool,Fulham,44,43,2.0,0.0,Anfield,Paul Tierney,53128.0,0.0,21.0,186.0,10.0,27.0,1.0,1.0,0.0,1.0,3.0,13.0,7.0,49.0,42.0,0.0,9.0,11.0,12.0,5.0,32.0,0.0,14.0,5.0,263.0,4.0,3.0,30.0,32.0,3.0,8.0,5.0,15.0,8.0,1.0,4.0,37.0,631.0,11.0,73.0,4.0,2.0,2.0,7.0,6.0,10.0,9.0,51.0,74.0,5.0,11.0,7.0,8.0,3.0,33.0,0.0,8.0,2.0,725.0,7.0,7.0,26.0,13.0,10.0,21.0,11.0,18.0,11.0,1.0
7827949,2019-2020,6,1537633800,Ended,Brighton & Hove Albion,Tottenham Hotspur,30,33,1.0,2.0,American Express Stadium,Chris Kavanagh,30531.0,5.0,23.0,583.0,9.0,72.0,3.0,1.0,2.0,4.0,7.0,5.0,6.0,51.0,68.0,3.0,9.0,12.0,6.0,3.0,34.0,0.0,14.0,0.0,658.0,5.0,7.0,20.0,15.0,11.0,16.0,5.0,16.0,14.0,1.0,3.0,32.0,189.0,13.0,28.0,1.0,1.0,0.0,1.0,5.0,10.0,6.0,49.0,41.0,2.0,15.0,9.0,8.0,5.0,28.0,0.0,13.0,2.0,255.0,3.0,4.0,24.0,14.0,4.0,8.0,4.0,13.0,8.0,2.0
7827966,2019-2020,6,1537705800,Ended,West Ham United,Chelsea,37,38,0.0,0.0,London Stadium,Mike Dean,56875.0,6.0,26.0,664.0,3.0,12.0,72.0,4.0,4.0,5.0,8.0,11.0,7.0,45.0,100.0,7.0,9.0,11.0,9.0,1.0,26.0,0.0,8.0,3.0,758.0,6.0,6.0,23.0,8.0,12.0,17.0,5.0,8.0,3.0,1.0,2.0,23.0,221.0,1.0,10.0,28.0,2.0,2.0,1.0,1.0,5.0,7.0,55.0,43.0,0.0,11.0,7.0,6.0,6.0,36.0,0.0,15.0,2.0,297.0,4.0,1.0,18.0,44.0,3.0,6.0,3.0,22.0,8.0,2.0
7827984,2019-2020,7,1538229600,Ended,Wolverhampton,Southampton,3,45,2.0,0.0,Molineux Stadium,Stuart Attwell,31147.0,2.0,19.0,365.0,1.0,13.0,52.0,0.0,0.0,7.0,6.0,10.0,7.0,54.0,51.0,1.0,7.0,11.0,7.0,4.0,50.0,0.0,13.0,2.0,444.0,4.0,6.0,10.0,16.0,7.0,17.0,10.0,32.0,19.0,1.0,5.0,30.0,352.0,0.0,18.0,48.0,2.0,2.0,2.0,8.0,20.0,10.0,46.0,51.0,5.0,11.0,7.0,5.0,6.0,36.0,0.0,11.0,0.0,425.0,6.0,6.0,23.0,24.0,10.0,14.0,4.0,19.0,8.0,3.0
7827971,2019-2020,7,1538229600,Ended,Everton,Fulham,48,43,3.0,0.0,Goodison Park,Roger East,38788.0,1.0,18.0,313.0,20.0,49.0,2.0,2.0,0.0,0.0,1.0,14.0,7.0,48.0,54.0,0.0,13.0,13.0,6.0,3.0,38.0,1.0,14.0,0.0,391.0,6.0,0.0,28.0,33.0,3.0,6.0,3.0,18.0,10.0,3.0,6.0,24.0,314.0,16.0,51.0,3.0,2.0,1.0,7.0,12.0,13.0,7.0,52.0,46.0,5.0,13.0,13.0,5.0,0.0,46.0,1.0,21.0,6.0,388.0,6.0,6.0,26.0,14.0,13.0,19.0,6.0,26.0,18.0,0.0
7827982,2019-2020,7,1538229600,Ended,Newcastle United,Leicester City,39,31,0.0,2.0,St James' Park,Simon Hooper,51523.0,7.0,40.0,416.0,0.0,31.0,59.0,1.0,0.0,1.0,3.0,9.0,17.0,5.0,55.0,59.0,3.0,5.0,9.0,8.0,1.0,36.0,0.0,9.0,0.0,525.0,4.0,5.0,44.0,12.0,9.0,12.0,3.0,22.0,17.0,3.0,22.0,271.0,1.0,21.0,41.0,1.0,1.0,0.0,1.0,5.0,16.0,4.0,45.0,49.0,2.0,11.0,5.0,11.0,3.0,33.0,0.0,10.0,1.0,376.0,4.0,1.0,25.0,30.0,4.0,6.0,2.0,24.0,21.0
7827977,2019-2020,7,1538229600,Ended,Manchester City,Brighton & Hove Albion,17,30,2.0,0.0,Etihad Stadium,Lee Mason,54152.0,4.0,18.0,137.0,8.0,20.0,0.0,0.0,2.0,3.0,8.0,1.0,35.0,33.0,0.0,10.0,4.0,16.0,6.0,20.0,0.0,10.0,2.0,210.0,1.0,1.0,15.0,34.0,4.0,4.0,0.0,15.0,9.0,3.0,8.0,24.0,789.0,14.0,80.0,2.0,2.0,7.0,10.0,10.0,13.0,65.0,69.0,2.0,4.0,10.0,2.0,1.0,38.0,0.0,12.0,0.0,850.0,13.0,8.0,18.0,7.0,19.0,28.0,9.0,15.0,10.0,0.0,,
7827969,2019-2020,7,1538238600,Ended,Chelsea,Liverpool,38,44,1.0,1.0,Stamford Bridge,Andre Marriner,40625.0,7.0,40.0,516.0,1.0,13.0,53.0,3.0,3.0,1.0,4.0,9.0,7.0,53.0,70.0,4.0,9.0,7.0,3.0,3.0,29.0,0.0,12.0,2.0,616.0,6.0,6.0,24.0,16.0,7.0,13.0,6.0,15.0,8.0,2.0,3.0,31.0,465.0,5.0,11.0,47.0,4.0,4.0,2.0,4.0,11.0,4.0,47.0,37.0,2.0,7.0,9.0,13.0,3.0,26.0,0.0,12.0,2.0,558.0,4.0,4.0,15.0,23.0,9.0,10.0,1.0,13.0,9.0,0.0
7827970,2019-2020,7,1538319600,Ended,Cardiff City,Burnley,61,6,1.0,2.0,Cardiff City Stadium,Martin Atkinson,30411.0,2.0,22.0,159.0,39.0,46.0,0.0,0.0,0.0,2.0,8.0,3.0,41.0,48.0,0.0,15.0,11.0,12.0,3.0,25.0,0.0,10.0,1.0,287.0,1.0,2.0,27.0,66.0,2.0,3.0,1.0,12.0,6.0,3.0,8.0,32.0,197.0,67.0,54.0,1.0,1.0,6.0,10.0,12.0,5.0,59.0,78.0,4.0,11.0,15.0,4.0,0.0,27.0,1.0,8.0,2.0,318.0,9.0,5.0,33.0,24.0,13.0,20.0,7.0,9.0,8.0,1.0,,
7827965,2019-2020,7,1538420400,Ended,Bournemouth,Crystal Palace,60,7,2.0,1.0,Vitality Stadium,Mike Dean,10199.0,3.0,28.0,449.0,9.0,56.0,0.0,0.0,0.0,4.0,3.0,8.0,6.0,51.0,56.0,2.0,12.0,9.0,6.0,3.0,34.0,0.0,12.0,2.0,532.0,4.0,2.0,14.0,15.0,3.0,10.0,7.0,19.0,10.0,4.0,8.0,24.0,335.0,14.0,44.0,3.0,2.0,1.0,2.0,3.0,9.0,3.0,49.0,66.0,4.0,9.0,12.0,6.0,1.0,27.0,0.0,9.0,2.0,425.0,4.0,5.0,21.0,25.0,8.0,11.0,3.0,12.0,8.0,3.0
7827987,2019-2020,8,1538766000,Ended,Brighton & Hove Albion,West Ham United,30,37,1.0,0.0,American Express Stadium,Kevin Friend,30544.0,5.0,26.0,431.0,16.0,65.0,1.0,1.0,0.0,6.0,9.0,14.0,5.0,46.0,59.0,5.0,8.0,12.0,8.0,3.0,29.0,0.0,8.0,1.0,514.0,7.0,4.0,26.0,17.0,11.0,17.0,6.0,12.0,9.0,2.0,4.0,23.0,192.0,21.0,35.0,1.0,0.0,1.0,1.0,2.0,5.0,11.0,54.0,47.0,0.0,12.0,7.0,9.0,4.0,32.0,0.0,12.0,5.0,282.0,4.0,4.0,24.0,28.0,6.0,9.0,3.0,17.0,12.0,3.0
7827985,2019-2020,8,1538834400,Ended,Burnley,Huddersfield Town,6,59,1.0,1.0,Turf Moor,Chris Kavanagh,20533.0,10.0,35.0,463.0,26.0,69.0,1.0,1.0,9.0,10.0,12.0,4.0,46.0,64.0,1.0,11.0,8.0,0.0,2.0,22.0,0.0,10.0,0.0,580.0,7.0,2.0,31.0,7.0,9.0,18.0,9.0,10.0,5.0,2.0,5.0,26.0,169.0,25.0,31.0,0.0,0.0,3.0,1.0,4.0,5.0,54.0,60.0,1.0,9.0,10.0,12.0,1.0,31.0,0.0,11.0,3.0,275.0,0.0,3.0,24.0,42.0,4.0,6.0,2.0,17.0,9.0,2.0,,
7827990,2019-2020,8,1538834400,Ended,Crystal Palace,Wolverhampton,7,3,0.0,1.0,Selhurst Park,Michael Oliver,25715.0,1.0,27.0,213.0,1.0,19.0,33.0,1.0,1.0,0.0,3.0,8.0,4.0,49.0,46.0,0.0,13.0,11.0,10.0,4.0,35.0,1.0,17.0,1.0,314.0,5.0,2.0,23.0,24.0,4.0,7.0,3.0,20.0,11.0,4.0,7.0,33.0,530.0,0.0,17.0,67.0,1.0,1.0,3.0,6.0,10.0,9.0,51.0,75.0,5.0,11.0,13.0,8.0,1.0,39.0,0.0,10.0,1.0,641.0,4.0,4.0,30.0,17.0,5.0,11.0,6.0,17.0,13.0,3.0
7828003,2019-2020,8,1538918100,Ended,Southampton,Chelsea,45,38,0.0,3.0,St. Mary's Stadium,Craig Pawson,27077.0,6.0,25.0,575.0,2.0,17.0,66.0,5.0,2.0,3.0,12.0,12.0,12.0,4.0,51.0,47.0,3.0,11.0,13.0,8.0,6.0,30.0,1.0,2.0,651.0,3.0,6.0,25.0,18.0,16.0,21.0,5.0,13.0,4.0,0.0,1.0,30.0,273.0,0.0,12.0,34.0,2.0,2.0,0.0,3.0,4.0,6.0,2.0,49.0,45.0,2.0,13.0,11.0,4.0,3.0,34.0,1.0,15.0,346.0,6.0,6.0,22.0,36.0,9.0,15.0,6.0,21.0,14.0,6.0
7827991,2019-2020,8,1538926200,Ended,Liverpool,Manchester City,44,17,0.0,0.0,Anfield,Martin Atkinson,52117.0,1.0,29.0,439.0,17.0,51.0,1.0,1.0,1.0,6.0,11.0,7.0,57.0,38.0,1.0,10.0,10.0,10.0,2.0,33.0,0.0,13.0,5.0,528.0,3.0,2.0,18.0,25.0,5.0,6.0,1.0,16.0,11.0,3.0,4.0,39.0,430.0,6.0,49.0,0.0,0.0,1.0,2.0,11.0,4.0,43.0,59.0,2.0,10.0,10.0,7.0,2.0,31.0,0.0,9.0,2.0,515.0,4.0,2.0,18.0,18.0,5.0,7.0,2.0,17.0,11.0,1.0,,
7828010,2019-2020,9,1540044000,Ended,Cardiff City,Fulham,61,43,4.0,2.0,Cardiff City Stadium,Kevin Friend,29681.0,4.0,34.0,368.0,24.0,60.0,3.0,2.0,1.0,2.0,4.0,12.0,4.0,48.0,49.0,2.0,16.0,14.0,13.0,1.0,33.0,0.0,6.0,479.0,3.0,4.0,17.0,32.0,3.0,9.0,6.0,16.0,7.0,3.0,12.0,26.0,200.0,26.0,40.0,2.0,0.0,2.0,7.0,4.0,9.0,9.0,52.0,69.0,4.0,15.0,15.0,4.0,2.0,35.0,0.0,14.0,313.0,10.0,5.0,21.0,21.0,13.0,22.0,9.0,12.0,9.0,3.0,,
7828005,2019-2020,9,1540044000,Ended,Bournemouth,Southampton,60,45,0.0,0.0,Vitality Stadium,Lee Probert,10986.0,3.0,33.0,250.0,26.0,43.0,3.0,3.0,2.0,4.0,4.0,3.0,52.0,69.0,2.0,14.0,11.0,11.0,2.0,32.0,0.0,14.0,4.0,346.0,2.0,4.0,15.0,29.0,2.0,8.0,6.0,18.0,11.0,2.0,3.0,27.0,350.0,24.0,57.0,2.0,2.0,2.0,6.0,7.0,7.0,48.0,54.0,1.0,11.0,14.0,7.0,4.0,30.0,0.0,5.0,0.0,458.0,5.0,2.0,32.0,30.0,9.0,9.0,0.0,9.0,7.0,1.0,,
7828014,2019-2020,9,1540044000,Ended,Newcastle United,Brighton & Hove Albion,39,30,0.0,1.0,St James' Park,Andre Marriner,50329.0,4.0,19.0,151.0,27.0,32.0,1.0,1.0,2.0,2.0,10.0,8.0,47.0,50.0,3.0,17.0,12.0,15.0,6.0,38.0,0.0,8.0,1.0,247.0,4.0,2.0,25.0,49.0,5.0,8.0,3.0,19.0,13.0,2.0,9.0,37.0,414.0,30.0,68.0,2.0,2.0,9.0,10.0,9.0,10.0,53.0,75.0,2.0,13.0,16.0,6.0,1.0,42.0,1.0,4.0,1.0,504.0,12.0,6.0,27.0,15.0,13.0,27.0,14.0,17.0,9.0,0.0,,
7828024,2019-2020,9,1540044000,Ended,Wolverhampton,Watford,3,24,0.0,2.0,Molineux Stadium,Lee Mason,31144.0,0.0,22.0,463.0,22.0,56.0,2.0,1.0,1.0,4.0,2.0,14.0,9.0,53.0,51.0,5.0,13.0,22.0,9.0,1.0,47.0,0.0,9.0,1.0,550.0,2.0,3.0,20.0,29.0,5.0,9.0,4.0,17.0,12.0,1.0,10.0,33.0,325.0,21.0,44.0,0.0,0.0,0.0,3.0,8.0,11.0,5.0,47.0,50.0,5.0,23.0,13.0,2.0,1.0,40.0,0.0,11.0,2.0,420.0,6.0,1.0,17.0,13.0,4.0,10.0,6.0,22.0,12.0,3.0
7828013,2019-2020,9,1540044000,Ended,West Ham United,Tottenham Hotspur,37,33,0.0,1.0,London Stadium,Martin Atkinson,56921.0,2.0,33.0,437.0,3.0,56.0,2.0,1.0,1.0,4.0,6.0,19.0,14.0,35.0,50.0,2.0,10.0,8.0,7.0,4.0,35.0,0.0,7.0,2.0,506.0,4.0,2.0,17.0,25.0,7.0,10.0,3.0,13.0,7.0,0.0,11.0,29.0,307.0,22.0,44.0,0.0,0.0,0.0,2.0,10.0,8.0,7.0,65.0,52.0,2.0,8.0,10.0,7.0,1.0,48.0,0.0,14.0,3.0,377.0,7.0,4.0,17.0,14.0,8.0,13.0,5.0,31.0,15.0,3.0
7828009,2019-2020,9,1540044000,Ended,Manchester City,Burnley,17,6,5.0,0.0,Etihad Stadium,Jonathan Moss,54094.0,3.0,27.0,226.0,0.0,16.0,31.0,0.0,0.0,0.0,1.0,1.0,10.0,3.0,51.0,47.0,2.0,5.0,10.0,9.0,5.0,24.0,0.0,12.0,302.0,4.0,0.0,15.0,19.0,4.0,5.0,1.0,12.0,6.0,2.0,7.0,27.0,597.0,2.0,14.0,69.0,8.0,5.0,3.0,8.0,10.0,5.0,5.0,49.0,53.0,0.0,11.0,5.0,6.0,0.0,25.0,0.0,7.0,679.0,6.0,10.0,15.0,10.0,18.0,24.0,6.0,15.0,8.0,2.0
7827910,2019-2020,3,1535295600,Ended,Fulham,Burnley,43,6,4.0,2.0,Craven Cottage,David Coote,23438.0,5.0,40.0,223.0,17.0,37.0,2.0,2.0,5.0,4.0,5.0,7.0,62.0,73.0,4.0,8.0,10.0,14.0,8.0,38.0,0.0,11.0,5.0,301.0,5.0,2.0,21.0,20.0,9.0,12.0,3.0,21.0,10.0,1.0,5.0,37.0,488.0,14.0,63.0,2.0,2.0,3.0,6.0,12.0,4.0,38.0,62.0,1.0,11.0,8.0,9.0,0.0,20.0,2.0,4.0,1.0,572.0,10.0,12.0,18.0,25.0,8.0,25.0,17.0,9.0,8.0,2.0,,
7827906,2019-2020,3,1535295600,Ended,Newcastle United,Chelsea,39,38,1.0,2.0,St James' Park,Paul Tierney,51791.0,3.0,22.0,839.0,13.0,82.0,1.0,1.0,5.0,5.0,16.0,7.0,56.0,80.0,6.0,8.0,16.0,6.0,1.0,40.0,1.0,5.0,2.0,913.0,7.0,3.0,20.0,20.0,10.0,15.0,5.0,17.0,8.0,1.0,7.0,27.0,131.0,12.0,18.0,0.0,0.0,2.0,4.0,11.0,2.0,44.0,37.0,2.0,16.0,8.0,8.0,2.0,30.0,0.0,17.0,2.0,200.0,2.0,2.0,17.0,36.0,2.0,6.0,4.0,21.0,8.0,3.0,,
7827919,2019-2020,4,1535801400,Ended,Leicester City,Liverpool,31,44,1.0,2.0,King Power Stadium,Paul Tierney,32149.0,3.0,26.0,374.0,17.0,49.0,2.0,2.0,0.0,2.0,4.0,16.0,8.0,45.0,54.0,1.0,12.0,9.0,4.0,4.0,35.0,0.0,10.0,2.0,473.0,4.0,4.0,31.0,23.0,7.0,10.0,3.0,18.0,13.0,2.0,4.0,29.0,401.0,17.0,51.0,2.0,1.0,1.0,4.0,4.0,13.0,12.0,55.0,71.0,2.0,9.0,11.0,7.0,2.0,46.0,0.0,6.0,3.0,496.0,3.0,5.0,25.0,27.0,3.0,12.0,9.0,23.0,16.0,3.0
7827916,2019-2020,4,1535810400,Ended,Crystal Palace,Southampton,7,45,0.0,2.0,Selhurst Park,Martin Atkinson,25495.0,9.0,39.0,326.0,20.0,50.0,6.0,4.0,2.0,7.0,4.0,10.0,7.0,45.0,56.0,3.0,12.0,10.0,10.0,6.0,36.0,1.0,9.0,1.0,423.0,6.0,6.0,23.0,34.0,11.0,19.0,8.0,19.0,8.0,1.0,9.0,39.0,338.0,33.0,50.0,4.0,4.0,0.0,7.0,7.0,13.0,7.0,55.0,65.0,1.0,11.0,12.0,12.0,5.0,35.0,1.0,12.0,0.0,432.0,7.0,6.0,18.0,26.0,13.0,20.0,7.0,16.0,11.0,1.0
7827926,2019-2020,4,1535810400,Ended,West Ham United,Wolverhampton,37,3,0.0,1.0,London Stadium,Chris Kavanagh,59947.0,2.0,39.0,414.0,24.0,53.0,3.0,3.0,2.0,4.0,15.0,13.0,56.0,62.0,1.0,11.0,10.0,9.0,3.0,48.0,0.0,12.0,0.0,495.0,7.0,6.0,19.0,19.0,6.0,15.0,9.0,25.0,17.0,1.0,5.0,27.0,356.0,15.0,47.0,1.0,1.0,5.0,4.0,18.0,9.0,44.0,38.0,1.0,10.0,11.0,9.0,5.0,41.0,0.0,9.0,1.0,444.0,5.0,3.0,24.0,19.0,8.0,13.0,5.0,22.0,15.0,2.0,,
7827915,2019-2020,4,1535810400,Ended,Everton,Huddersfield Town,48,59,1.0,1.0,Goodison Park,Stuart Attwell,38767.0,4.0,32.0,252.0,31.0,43.0,1.0,1.0,2.0,3.0,10.0,7.0,59.0,41.0,0.0,14.0,13.0,11.0,0.0,50.0,0.0,17.0,0.0,335.0,1.0,6.0,30.0,18.0,4.0,9.0,5.0,30.0,21.0,3.0,6.0,31.0,385.0,27.0,57.0,1.0,1.0,2.0,4.0,22.0,3.0,41.0,66.0,1.0,13.0,13.0,8.0,5.0,30.0,0.0,8.0,1.0,464.0,8.0,1.0,25.0,32.0,8.0,11.0,3.0,15.0,12.0,3.0,,
7827918,2019-2020,4,1535810400,Ended,Chelsea,Bournemouth,38,60,2.0,0.0,Stamford Bridge,Lee Mason,40178.0,3.0,15.0,175.0,0.0,13.0,28.0,2.0,2.0,1.0,6.0,2.0,3.0,46.0,50.0,1.0,7.0,10.0,9.0,4.0,26.0,0.0,13.0,1.0,252.0,6.0,1.0,20.0,35.0,5.0,8.0,3.0,14.0,8.0,2.0,3.0,24.0,616.0,1.0,19.0,72.0,0.0,0.0,12.0,7.0,9.0,9.0,54.0,58.0,1.0,10.0,7.0,12.0,1.0,27.0,1.0,7.0,2.0,704.0,6.0,6.0,19.0,23.0,10.0,24.0,14.0,12.0,7.0,2.0
7827922,2019-2020,4,1535819400,Ended,Manchester City,Newcastle United,17,39,2.0,1.0,Etihad Stadium,Kevin Friend,53946.0,0.0,27.0,137.0,0.0,15.0,22.0,1.0,0.0,1.0,0.0,0.0,7.0,7.0,52.0,33.0,0.0,13.0,5.0,14.0,6.0,31.0,0.0,17.0,1.0,217.0,1.0,2.0,8.0,39.0,2.0,3.0,1.0,18.0,12.0,5.0,29.0,688.0,1.0,12.0,78.0,3.0,3.0,0.0,7.0,4.0,14.0,8.0,48.0,83.0,7.0,5.0,13.0,3.0,1.0,30.0,0.0,6.0,2.0,767.0,9.0,8.0,31.0,9.0,16.0,24.0,8.0,9.0,6.0
7827921,2019-2020,4,1535891400,Ended,Cardiff City,Arsenal,61,42,2.0,3.0,Cardiff City Stadium,Anthony Taylor,32316.0,6.0,33.0,535.0,22.0,72.0,1.0,1.0,2.0,9.0,7.0,6.0,50.0,54.0,1.0,14.0,12.0,14.0,1.0,29.0,1.0,11.0,1.0,635.0,4.0,11.0,23.0,21.0,11.0,17.0,6.0,11.0,9.0,4.0,4.0,19.0,155.0,24.0,28.0,0.0,0.0,1.0,3.0,9.0,2.0,50.0,48.0,5.0,12.0,12.0,5.0,8.0,26.0,0.0,15.0,3.0,234.0,10.0,3.0,7.0,32.0,10.0,14.0,4.0,12.0,8.0,3.0,,
7827923,2019-2020,4,1535900400,Ended,Watford,Tottenham Hotspur,24,33,2.0,1.0,Vicarage Road,Andre Marriner,20141.0,6.0,30.0,420.0,1.0,15.0,66.0,1.0,1.0,2.0,10.0,7.0,10.0,50.0,81.0,2.0,8.0,9.0,6.0,1.0,42.0,0.0,8.0,2.0,532.0,7.0,2.0,35.0,19.0,5.0,11.0,6.0,23.0,15.0,1.0,5.0,29.0,187.0,0.0,26.0,34.0,0.0,0.0,1.0,3.0,15.0,8.0,50.0,50.0,3.0,9.0,8.0,9.0,2.0,31.0,0.0,21.0,2.0,289.0,3.0,3.0,10.0,49.0,4.0,7.0,3.0,15.0,13.0,2.0
7827942,2019-2020,5,1537011000,Ended,Tottenham Hotspur,Liverpool,33,44,1.0,2.0,Wembley Stadium,Michael Oliver,80188.0,2.0,25.0,267.0,1.0,10.0,40.0,3.0,2.0,1.0,2.0,4.0,6.0,6.0,53.0,46.0,3.0,16.0,16.0,5.0,2.0,37.0,2.0,6.0,2.0,356.0,5.0,10.0,22.0,21.0,14.0,17.0,3.0,17.0,11.0,2.0,30.0,443.0,0.0,15.0,60.0,0.0,0.0,0.0,3.0,5.0,9.0,7.0,47.0,53.0,4.0,17.0,12.0,4.0,8.0,27.0,1.0,6.0,3.0,549.0,5.0,3.0,22.0,17.0,7.0,11.0,4.0,9.0,4.0
7827940,2019-2020,5,1537020000,Ended,Huddersfield Town,Crystal Palace,59,7,0.0,1.0,Accu Stadium,Graham Scott,23696.0,2.0,21.0,287.0,1.0,18.0,42.0,0.0,0.0,3.0,3.0,14.0,6.0,42.0,48.0,1.0,17.0,11.0,8.0,2.0,29.0,0.0,9.0,2.0,363.0,2.0,2.0,16.0,28.0,6.0,7.0,1.0,13.0,9.0,2.0,11.0,47.0,411.0,0.0,24.0,58.0,1.0,1.0,4.0,5.0,9.0,7.0,58.0,60.0,4.0,11.0,17.0,7.0,1.0,40.0,1.0,5.0,5.0,494.0,9.0,2.0,27.0,9.0,9.0,15.0,6.0,17.0,8.0,1.0
7827932,2019-2020,5,1537020000,Ended,Newcastle United,Arsenal,39,42,1.0,2.0,St James' Park,Lee Probert,52165.0,4.0,30.0,503.0,1.0,24.0,64.0,0.0,0.0,5.0,4.0,15.0,6.0,50.0,65.0,3.0,11.0,13.0,3.0,1.0,34.0,0.0,7.0,1.0,598.0,5.0,2.0,17.0,28.0,8.0,12.0,4.0,15.0,6.0,5.0,32.0,216.0,0.0,24.0,36.0,1.0,1.0,2.0,10.0,12.0,3.0,50.0,54.0,1.0,13.0,10.0,9.0,0.0,33.0,0.0,11.0,3.0,327.0,0.0,2.0,17.0,17.0,4.0,4.0,0.0,20.0,8.0,,
7827939,2019-2020,5,1537020000,Ended,Manchester City,Fulham,17,43,3.0,0.0,Etihad Stadium,Stuart Attwell,53307.0,0.0,30.0,322.0,0.0,8.0,36.0,0.0,0.0,0.0,1.0,4.0,9.0,8.0,43.0,38.0,0.0,7.0,6.0,11.0,6.0,27.0,0.0,16.0,2.0,400.0,5.0,3.0,15.0,22.0,2.0,9.0,7.0,14.0,6.0,6.0,37.0,670.0,2.0,10.0,64.0,7.0,4.0,3.0,11.0,10.0,10.0,13.0,57.0,60.0,1.0,7.0,7.0,4.0,3.0,36.0,1.0,12.0,5.0,736.0,8.0,9.0,17.0,15.0,18.0,28.0,10.0,16.0,11.0
7827925,2019-2020,5,1537020000,Ended,Chelsea,Cardiff City,38,61,4.0,1.0,Stamford Bridge,Jonathan Moss,40499.0,3.0,28.0,133.0,0.0,23.0,24.0,1.0,0.0,1.0,0.0,4.0,7.0,6.0,51.0,59.0,1.0,10.0,8.0,14.0,3.0,27.0,0.0,24.0,227.0,4.0,2.0,17.0,17.0,5.0,6.0,1.0,13.0,8.0,4.0,52.0,669.0,1.0,18.0,76.0,3.0,1.0,2.0,3.0,5.0,10.0,10.0,49.0,80.0,3.0,8.0,10.0,8.0,1.0,30.0,0.0,7.0,766.0,8.0,7.0,15.0,17.0,15.0,18.0,3.0,10.0,9.0,,
7827946,2019-2020,5,1537101000,Ended,Wolverhampton,Burnley,3,6,1.0,0.0,Molineux Stadium,Andre Marriner,30406.0,2.0,32.0,297.0,37.0,42.0,0.0,0.0,0.0,2.0,7.0,4.0,57.0,57.0,3.0,9.0,10.0,14.0,5.0,31.0,0.0,12.0,1.0,395.0,5.0,2.0,11.0,22.0,2.0,7.0,5.0,17.0,5.0,4.0,7.0,43.0,469.0,23.0,58.0,5.0,5.0,10.0,8.0,13.0,6.0,43.0,76.0,3.0,10.0,9.0,6.0,2.0,28.0,0.0,9.0,1.0,567.0,13.0,7.0,27.0,18.0,20.0,30.0,10.0,13.0,7.0,2.0,,
7827955,2019-2020,6,1537624800,Ended,Burnley,Bournemouth,6,60,4.0,0.0,Turf Moor,Anthony Taylor,18636.0,5.0,19.0,498.0,21.0,62.0,1.0,1.0,0.0,9.0,8.0,10.0,11.0,56.0,57.0,2.0,6.0,17.0,6.0,1.0,36.0,1.0,8.0,2.0,604.0,5.0,5.0,16.0,29.0,7.0,19.0,12.0,8.0,5.0,0.0,5.0,38.0,243.0,25.0,38.0,3.0,0.0,3.0,4.0,3.0,6.0,0.0,44.0,61.0,0.0,17.0,6.0,12.0,5.0,19.0,1.0,15.0,1.0,360.0,3.0,5.0,17.0,31.0,10.0,12.0,2.0,15.0,9.0,2.0
7827961,2019-2020,6,1537624800,Ended,Crystal Palace,Newcastle United,7,39,0.0,0.0,Selhurst Park,Andre Marriner,25679.0,4.0,27.0,205.0,0.0,15.0,39.0,0.0,0.0,0.0,5.0,21.0,2.0,40.0,52.0,1.0,11.0,8.0,9.0,4.0,34.0,0.0,17.0,1.0,299.0,3.0,3.0,31.0,33.0,4.0,6.0,2.0,25.0,16.0,1.0,5.0,25.0,378.0,1.0,17.0,61.0,1.0,1.0,5.0,9.0,19.0,15.0,60.0,55.0,6.0,8.0,11.0,4.0,3.0,55.0,1.0,8.0,2.0,481.0,7.0,4.0,36.0,15.0,9.0,16.0,7.0,29.0,25.0,1.0
7827947,2019-2020,6,1537624800,Ended,Cardiff City,Manchester City,61,17,0.0,5.0,Cardiff City Stadium,Michael Oliver,32321.0,8.0,23.0,725.0,9.0,79.0,4.0,3.0,1.0,7.0,9.0,7.0,6.0,50.0,57.0,3.0,4.0,5.0,4.0,2.0,23.0,1.0,11.0,1.0,799.0,4.0,10.0,15.0,10.0,18.0,21.0,3.0,12.0,10.0,1.0,1.0,18.0,146.0,10.0,21.0,0.0,0.0,0.0,0.0,1.0,9.0,2.0,50.0,42.0,0.0,6.0,4.0,5.0,5.0,22.0,0.0,14.0,2.0,218.0,0.0,2.0,15.0,24.0,1.0,2.0,1.0,16.0,6.0,1.0
7827962,2019-2020,6,1537624800,Ended,Liverpool,Southampton,44,45,3.0,0.0,Anfield,Paul Tierney,50965.0,3.0,33.0,388.0,0.0,17.0,40.0,0.0,0.0,5.0,4.0,10.0,1.0,52.0,73.0,0.0,10.0,7.0,5.0,1.0,28.0,0.0,16.0,1.0,479.0,1.0,1.0,13.0,35.0,6.0,7.0,1.0,21.0,11.0,2.0,3.0,25.0,648.0,1.0,9.0,60.0,1.0,1.0,3.0,5.0,12.0,8.0,48.0,67.0,3.0,7.0,10.0,8.0,1.0,32.0,1.0,7.0,4.0,750.0,5.0,4.0,19.0,12.0,9.0,12.0,3.0,14.0,10.0,0.0
7827963,2019-2020,6,1537624800,Ended,Manchester United,Wolverhampton,35,3,1.0,1.0,Old Trafford,Kevin Friend,74489.0,3.0,19.0,282.0,24.0,36.0,2.0,2.0,0.0,4.0,11.0,7.0,46.0,44.0,1.0,17.0,5.0,5.0,5.0,24.0,0.0,17.0,2.0,379.0,3.0,8.0,20.0,28.0,5.0,11.0,6.0,13.0,7.0,1.0,4.0,33.0,583.0,17.0,64.0,0.0,0.0,6.0,5.0,10.0,8.0,54.0,72.0,7.0,5.0,16.0,8.0,7.0,40.0,1.0,5.0,3.0,684.0,3.0,6.0,27.0,13.0,5.0,15.0,10.0,16.0,11.0,1.0,,
7827867,2019-2020,1,1533996000,Ended,Watford,Brighton & Hove Albion,24,30,2.0,0.0,Vicarage Road,Jonathan Moss,20051.0,4.0,40.0,297.0,24.0,47.0,0.0,0.0,1.0,2.0,15.0,9.0,52.0,49.0,2.0,16.0,10.0,10.0,3.0,36.0,0.0,17.0,3.0,385.0,5.0,0.0,19.0,26.0,5.0,6.0,1.0,17.0,11.0,2.0,7.0,34.0,328.0,16.0,53.0,2.0,2.0,5.0,8.0,11.0,8.0,48.0,65.0,5.0,10.0,15.0,8.0,0.0,39.0,0.0,11.0,0.0,437.0,9.0,5.0,16.0,11.0,12.0,19.0,7.0,17.0,11.0,2.0,,
7827864,2019-2020,1,1533996000,Ended,Huddersfield Town,Chelsea,59,38,0.0,3.0,Accu Stadium,Chris Kavanagh,24121.0,5.0,29.0,582.0,17.0,63.0,3.0,1.0,2.0,6.0,5.0,21.0,17.0,47.0,46.0,3.0,8.0,8.0,6.0,1.0,36.0,1.0,9.0,1.0,658.0,3.0,4.0,30.0,21.0,10.0,13.0,3.0,12.0,6.0,1.0,6.0,46.0,281.0,22.0,37.0,1.0,1.0,0.0,1.0,2.0,7.0,6.0,53.0,59.0,3.0,9.0,8.0,5.0,1.0,38.0,2.0,16.0,2.0,372.0,4.0,1.0,23.0,13.0,4.0,6.0,2.0,25.0,21.0,2.0
7827869,2019-2020,1,1534077000,Ended,Southampton,Burnley,45,6,0.0,0.0,St. Mary's Stadium,Graham Scott,30784.0,3.0,36.0,311.0,28.0,53.0,2.0,2.0,4.0,5.0,8.0,3.0,47.0,70.0,3.0,9.0,10.0,12.0,3.0,22.0,0.0,5.0,5.0,408.0,6.0,6.0,15.0,35.0,10.0,16.0,6.0,9.0,7.0,1.0,8.0,25.0,280.0,25.0,47.0,1.0,1.0,9.0,8.0,3.0,8.0,53.0,56.0,0.0,10.0,8.0,6.0,6.0,32.0,0.0,4.0,2.0,369.0,6.0,3.0,23.0,31.0,9.0,18.0,9.0,16.0,7.0,0.0,,
7827909,2019-2020,2,1534600800,Ended,West Ham United,Bournemouth,37,60,1.0,2.0,London Stadium,Stuart Attwell,56888.0,3.0,16.0,246.0,1.0,19.0,39.0,3.0,2.0,1.0,4.0,4.0,11.0,12.0,45.0,43.0,4.0,10.0,14.0,9.0,4.0,35.0,0.0,6.0,321.0,3.0,5.0,19.0,31.0,8.0,12.0,4.0,11.0,9.0,2.0,4.0,33.0,399.0,1.0,26.0,61.0,1.0,0.0,1.0,3.0,6.0,6.0,11.0,55.0,69.0,1.0,14.0,10.0,8.0,3.0,41.0,0.0,9.0,494.0,3.0,5.0,20.0,18.0,6.0,11.0,5.0,21.0,6.0,6.0
7827903,2019-2020,2,1534600800,Ended,Tottenham Hotspur,Fulham,33,43,3.0,1.0,Wembley Stadium,Anthony Taylor,58297.0,2.0,33.0,356.0,1.0,7.0,41.0,3.0,2.0,1.0,2.0,2.0,11.0,11.0,52.0,37.0,0.0,5.0,9.0,9.0,8.0,33.0,1.0,10.0,3.0,435.0,5.0,3.0,12.0,39.0,5.0,10.0,5.0,13.0,8.0,8.0,36.0,557.0,1.0,14.0,59.0,5.0,5.0,0.0,4.0,5.0,7.0,6.0,48.0,79.0,2.0,9.0,5.0,5.0,2.0,23.0,1.0,12.0,1.0,629.0,10.0,11.0,25.0,8.0,18.0,25.0,7.0,12.0,8.0
7827902,2019-2020,2,1534681800,Ended,Manchester City,Huddersfield Town,17,59,6.0,1.0,Etihad Stadium,Andre Marriner,54021.0,1.0,25.0,146.0,19.0,24.0,1.0,0.0,1.0,2.0,3.0,5.0,4.0,51.0,41.0,2.0,4.0,8.0,12.0,9.0,27.0,0.0,7.0,1.0,224.0,2.0,1.0,11.0,29.0,3.0,5.0,2.0,16.0,7.0,2.0,5.0,34.0,706.0,17.0,76.0,7.0,5.0,2.0,9.0,10.0,11.0,18.0,49.0,91.0,1.0,9.0,4.0,7.0,0.0,27.0,2.0,5.0,1.0,760.0,9.0,14.0,15.0,24.0,20.0,32.0,12.0,5.0,3.0,0.0
7827896,2019-2020,2,1534690800,Ended,Brighton & Hove Albion,Manchester United,30,35,3.0,2.0,American Express Stadium,Kevin Friend,30592.0,2.0,28.0,485.0,23.0,67.0,2.0,2.0,2.0,5.0,16.0,8.0,51.0,55.0,1.0,13.0,16.0,4.0,0.0,35.0,0.0,4.0,2.0,572.0,4.0,3.0,27.0,18.0,6.0,9.0,3.0,12.0,5.0,1.0,3.0,24.0,183.0,12.0,33.0,2.0,2.0,0.0,3.0,9.0,3.0,49.0,59.0,5.0,16.0,13.0,10.0,1.0,44.0,0.0,10.0,2.0,283.0,3.0,3.0,23.0,16.0,5.0,6.0,1.0,28.0,13.0,1.0,,
7827911,2019-2020,3,1535205600,Ended,Huddersfield Town,Cardiff City,59,61,0.0,0.0,Accu Stadium,Michael Oliver,21193.0,2.0,23.0,194.0,35.0,42.0,1.0,1.0,4.0,7.0,9.0,3.0,55.0,67.0,1.0,10.0,8.0,4.0,1.0,30.0,0.0,11.0,1.0,289.0,0.0,6.0,4.0,34.0,30.0,8.0,14.0,6.0,19.0,13.0,1.0,2.0,28.0,301.0,27.0,58.0,0.0,0.0,2.0,7.0,19.0,3.0,45.0,73.0,0.0,8.0,9.0,11.0,4.0,26.0,0.0,6.0,1.0,396.0,1.0,2.0,1.0,23.0,24.0,3.0,5.0,2.0,14.0,9.0,0.0
7827912,2019-2020,3,1535205600,Ended,Southampton,Leicester City,45,31,1.0,2.0,St. Mary's Stadium,Jonathan Moss,29925.0,1.0,29.0,352.0,20.0,49.0,1.0,1.0,0.0,3.0,13.0,3.0,44.0,54.0,1.0,11.0,11.0,7.0,4.0,28.0,0.0,8.0,0.0,425.0,0.0,3.0,5.0,14.0,37.0,5.0,8.0,3.0,14.0,6.0,1.0,6.0,34.0,373.0,21.0,51.0,0.0,0.0,2.0,10.0,7.0,10.0,56.0,68.0,2.0,13.0,11.0,10.0,3.0,39.0,0.0,13.0,1.0,447.0,1.0,4.0,5.0,19.0,13.0,5.0,11.0,6.0,18.0,10.0,3.0
7827908,2019-2020,3,1535214600,Ended,Liverpool,Brighton & Hove Albion,44,30,1.0,0.0,Anfield,Chris Kavanagh,53294.0,5.0,13.0,238.0,0.0,19.0,30.0,1.0,1.0,2.0,5.0,14.0,7.0,47.0,40.0,1.0,14.0,7.0,8.0,6.0,35.0,0.0,29.0,3.0,327.0,2.0,2.0,17.0,33.0,4.0,6.0,2.0,21.0,9.0,1.0,4.0,28.0,669.0,1.0,18.0,70.0,1.0,1.0,7.0,8.0,16.0,10.0,53.0,69.0,4.0,8.0,12.0,6.0,2.0,43.0,2.0,9.0,1.0,765.0,7.0,8.0,21.0,12.0,16.0,22.0,6.0,21.0,13.0,1.0
7827913,2019-2020,3,1535286600,Ended,Watford,Crystal Palace,24,7,2.0,1.0,Vicarage Road,Anthony Taylor,20014.0,3.0,42.0,326.0,0.0,24.0,57.0,2.0,2.0,1.0,3.0,17.0,3.0,45.0,70.0,2.0,11.0,12.0,13.0,3.0,33.0,0.0,5.0,3.0,436.0,5.0,3.0,33.0,28.0,8.0,9.0,1.0,19.0,12.0,2.0,5.0,30.0,227.0,1.0,24.0,43.0,1.0,1.0,4.0,6.0,10.0,8.0,55.0,54.0,1.0,14.0,11.0,13.0,2.0,45.0,0.0,19.0,1.0,331.0,4.0,5.0,19.0,16.0,8.0,13.0,5.0,26.0,16.0,4.0
