season,team,matches,points,win,draw,loss,goals_for,goals_against,attendance,accurateCross,accurateLongBalls,accuratePasses,aerialDuelsPercentage,ballPossession,ballRecovery,bigChanceCreated,bigChanceMissed,bigChanceScored,blockedScoringAttempt,cornerKicks,dispossessed,dribblesPercentage,duelWonPercent,finalThirdEntries,fouls,goalkeeperSaves,hitWoodwork,interceptionWon,passes,shotsOffGoal,shotsOnGoal,totalClearance,totalShotsInsideBox,totalShotsOnGoal,totalShotsOutsideBox,totalTackle,wonTacklePercent,goal_difference,win_pct,goals_per_game,position,is_champion,top_4,relegated
2020-2021,Arsenal,38,61,18,7,13,55,39,621.2121212121212,4.2368421052631575,22.5,450.2894736842105,13.552631578947368,53.71052631578947,,1.8823529411764706,1.0666666666666667,1.103448275862069,3.289473684210526,5.447368421052632,6.842105263157895,7.7631578947368425,48.44736842105263,56.23684210526316,9.105263157894736,2.526315789473684,0.5,9.210526315789474,529.4736842105264,4.7894736842105265,4.0,16.13157894736842,7.7105263157894735,12.078947368421053,4.368421052631579,12.0,6.605263157894737,16,47.368421052631575,1.4473684210526316,8,False,False,False
2020-2021,Aston Villa,38,55,16,7,15,55,46,322.5806451612903,4.578947368421052,28.736842105263158,314.10526315789474,19.342105263157894,48.26315789473684,,2.0789473684210527,1.3636363636363635,1.096774193548387,3.8157894736842106,5.605263157894737,8.894736842105264,9.657894736842104,52.578947368421055,56.26315789473684,11.552631578947368,3.736842105263158,0.5526315789473685,10.18421052631579,399.60526315789474,4.973684210526316,4.894736842105263,19.36842105263158,9.052631578947368,13.68421052631579,4.631578947368421,13.973684210526315,7.421052631578948,9,42.10526315789473,1.4473684210526316,11,False,False,False
2020-2021,Brighton & Hove Albion,38,41,9,14,15,40,46,560.78125,4.342105263157895,28.18421052631579,389.2894736842105,14.18421052631579,51.21052631578947,,1.8055555555555556,1.4666666666666666,0.9130434782608695,4.105263157894737,5.7631578947368425,8.052631578947368,9.210526315789474,49.81578947368421,55.421052631578945,11.263157894736842,2.1578947368421053,0.42105263157894735,11.18421052631579,478.55263157894734,4.947368421052632,3.763157894736842,14.736842105263158,8.421052631578947,12.81578947368421,4.394736842105263,16.526315789473685,8.789473684210526,-6,23.684210526315788,1.0526315789473684,16,False,False,False
2020-2021,Burnley,38,39,10,9,19,33,55,168.34375,4.0,30.57894736842105,261.0263157894737,23.36842105263158,41.81578947368421,,1.4864864864864864,1.2121212121212122,0.5769230769230769,2.3157894736842106,4.526315789473684,7.315789473684211,6.157894736842105,50.26315789473684,64.86842105263158,10.105263157894736,3.3157894736842106,0.2631578947368421,10.947368421052632,364.36842105263156,4.368421052631579,3.4210526315789473,20.31578947368421,6.157894736842105,10.105263157894736,3.9473684210526314,13.342105263157896,7.7105263157894735,-22,26.31578947368421,0.868421052631579,17,False,False,False
2020-2021,Chelsea,38,67,19,10,9,58,36,662.34375,4.868421052631579,27.710526315789473,551.078947368421,15.157894736842104,61.44736842105263,,2.6285714285714286,1.6470588235294117,1.2857142857142858,4.0,5.947368421052632,7.526315789473684,9.447368421052632,50.78947368421053,55.973684210526315,11.394736842105264,1.9210526315789473,0.4473684210526316,10.052631578947368,633.421052631579,5.105263157894737,5.526315789473684,16.157894736842106,9.605263157894736,14.631578947368421,5.026315789473684,16.105263157894736,8.973684210526315,22,50.0,1.5263157894736843,4,False,True,False
2020-2021,Crystal Palace,38,44,12,8,18,41,66,557.6060606060606,3.6578947368421053,20.736842105263158,281.8421052631579,18.236842105263158,40.05263157894737,,1.2777777777777777,0.8387096774193549,0.6666666666666666,2.6052631578947367,3.973684210526316,10.578947368421053,9.605263157894736,50.71052631578947,46.21052631578947,10.763157894736842,2.8684210526315788,0.2631578947368421,10.447368421052632,370.1842105263158,3.1052631578947367,3.473684210526316,19.13157894736842,5.894736842105263,9.18421052631579,3.289473684210526,16.736842105263158,9.631578947368421,-25,31.57894736842105,1.0789473684210527,14,False,False,False
2020-2021,Everton,38,59,17,8,13,47,48,669.1851851851852,3.6578947368421053,28.236842105263158,367.05263157894734,17.736842105263158,46.473684210526315,,1.9696969696969697,1.1290322580645162,1.0344827586206897,2.6315789473684212,4.394736842105263,9.052631578947368,9.526315789473685,52.76315789473684,47.921052631578945,10.157894736842104,3.0,0.2631578947368421,10.31578947368421,450.8421052631579,4.0,3.8947368421052633,21.13157894736842,6.7105263157894735,10.526315789473685,3.8157894736842106,16.842105263157894,10.026315789473685,-1,44.73684210526316,1.236842105263158,10,False,False,False
2020-2021,Fulham,38,28,5,13,20,27,53,129.03225806451613,4.315789473684211,24.68421052631579,380.4736842105263,17.157894736842106,49.76315789473684,,1.3421052631578947,0.9411764705882353,0.7307692307692307,3.1052631578947367,4.315789473684211,10.342105263157896,13.31578947368421,50.473684210526315,51.68421052631579,12.736842105263158,3.1578947368421053,0.3157894736842105,11.5,468.3157894736842,4.947368421052632,3.5789473684210527,19.763157894736842,7.184210526315789,11.631578947368421,4.447368421052632,15.81578947368421,8.657894736842104,-26,13.157894736842104,0.7105263157894737,18,False,False,True
2020-2021,Leeds United,38,59,18,5,15,62,54,576.3666666666667,4.315789473684211,27.42105263157895,396.8157894736842,14.526315789473685,57.55263157894737,,2.111111111111111,1.6896551724137931,0.8709677419354839,3.3157894736842106,6.026315789473684,8.394736842105264,8.368421052631579,49.526315789473685,51.63157894736842,11.368421052631579,3.8947368421052633,0.47368421052631576,10.447368421052632,490.8421052631579,5.184210526315789,5.2368421052631575,16.07894736842105,9.289473684210526,13.736842105263158,4.447368421052632,19.473684210526315,10.973684210526315,8,47.368421052631575,1.631578947368421,9,False,False,False
2020-2021,Leicester City,38,66,20,6,12,68,50,490.16129032258067,3.1578947368421053,23.842105263157894,423.0263157894737,16.157894736842106,54.55263157894737,,2.27027027027027,1.3235294117647058,1.1818181818181819,3.8157894736842106,5.578947368421052,8.473684210526315,9.421052631578947,51.026315789473685,56.078947368421055,10.868421052631579,2.3157894736842106,0.34210526315789475,11.526315789473685,515.1842105263158,4.078947368421052,4.868421052631579,16.55263157894737,7.684210526315789,12.763157894736842,5.078947368421052,17.92105263157895,10.605263157894736,18,52.63157894736842,1.7894736842105263,5,False,False,False
2020-2021,Liverpool,38,69,20,9,9,68,42,602.75,4.5,26.94736842105263,547.9473684210526,14.289473684210526,62.3421052631579,,2.8684210526315788,1.9428571428571428,1.3666666666666667,4.552631578947368,6.7631578947368425,10.18421052631579,10.710526315789474,47.78947368421053,66.0,10.421052631578947,2.6315789473684212,0.3157894736842105,9.131578947368421,639.2631578947369,5.815789473684211,5.631578947368421,14.31578947368421,10.68421052631579,16.0,5.315789473684211,13.842105263157896,7.973684210526316,26,52.63157894736842,1.7894736842105263,3,False,True,False
2020-2021,Manchester City,38,86,27,5,6,83,32,543.7878787878788,3.0789473684210527,27.0,603.1842105263158,12.763157894736842,63.6578947368421,,2.789473684210526,1.7352941176470589,1.46875,4.552631578947368,6.5,9.210526315789474,12.763157894736842,51.26315789473684,62.89473684210526,9.5,1.8157894736842106,0.5263157894736842,8.394736842105264,675.0263157894736,5.473684210526316,5.7368421052631575,11.289473684210526,10.368421052631579,15.763157894736842,5.394736842105263,13.105263157894736,7.131578947368421,51,71.05263157894737,2.1842105263157894,1,True,True,False
2020-2021,Manchester United,38,74,21,11,6,73,44,0.0,4.052631578947368,25.92105263157895,468.3157894736842,14.526315789473685,55.89473684210526,,2.611111111111111,1.5454545454545454,1.6538461538461537,3.973684210526316,5.184210526315789,9.473684210526315,10.973684210526315,50.8421052631579,55.973684210526315,11.894736842105264,2.6315789473684212,0.23684210526315788,10.131578947368421,552.2105263157895,4.2631578947368425,5.605263157894737,15.657894736842104,8.526315789473685,13.842105263157896,5.315789473684211,14.5,8.18421052631579,29,55.26315789473685,1.9210526315789473,2,False,True,False
2020-2021,Newcastle United,38,45,12,9,17,46,62,375.0,4.105263157894737,25.394736842105264,262.3157894736842,17.07894736842105,38.36842105263158,,1.6388888888888888,1.096774193548387,0.8620689655172413,2.973684210526316,4.2368421052631575,7.815789473684211,9.210526315789474,50.26315789473684,44.73684210526316,10.210526315789474,3.5,0.34210526315789475,9.526315789473685,345.1578947368421,3.736842105263158,3.736842105263158,23.05263157894737,6.578947368421052,10.447368421052632,3.8684210526315788,13.473684210526315,7.052631578947368,-16,31.57894736842105,1.2105263157894737,12,False,False,False
2020-2021,Sheffield United,38,23,7,2,29,20,63,370.3703703703704,3.4210526315789473,23.763157894736842,296.2894736842105,19.07894736842105,41.36842105263158,,1.2222222222222223,1.0,0.39285714285714285,2.3684210526315788,4.473684210526316,8.5,7.078947368421052,46.39473684210526,54.526315789473685,12.078947368421053,3.8684210526315788,0.13157894736842105,9.236842105263158,385.44736842105266,3.526315789473684,2.6052631578947367,20.94736842105263,5.605263157894737,8.5,2.8947368421052633,16.68421052631579,9.368421052631579,-43,18.421052631578945,0.5263157894736842,20,False,False,True
2020-2021,Southampton,38,43,12,7,19,47,68,596.2413793103449,2.763157894736842,19.55263157894737,369.0,14.052631578947368,52.13157894736842,,1.7777777777777777,1.2424242424242424,0.7666666666666667,2.5526315789473686,4.657894736842105,10.18421052631579,9.0,48.421052631578945,49.078947368421055,11.263157894736842,2.973684210526316,0.3157894736842105,10.5,465.3157894736842,4.184210526315789,4.421052631578948,16.973684210526315,6.605263157894737,11.157894736842104,4.552631578947368,19.18421052631579,11.078947368421053,-21,31.57894736842105,1.236842105263158,15,False,False,False
2020-2021,Tottenham Hotspur,38,62,18,8,12,68,45,352.94117647058823,3.026315789473684,24.0,410.42105263157896,16.44736842105263,51.63157894736842,,2.388888888888889,1.2727272727272727,1.375,2.763157894736842,4.421052631578948,8.789473684210526,10.605263157894736,50.05263157894737,49.18421052631579,11.578947368421053,3.0,0.631578947368421,9.0,501.8421052631579,4.2631578947368425,4.631578947368421,19.63157894736842,7.131578947368421,11.657894736842104,4.526315789473684,16.736842105263158,9.5,23,47.368421052631575,1.7894736842105263,7,False,False,False
2020-2021,West Bromwich Albion,38,26,5,11,22,35,76,508.23333333333335,3.4210526315789473,23.789473684210527,235.52631578947367,19.07894736842105,37.6578947368421,,1.394736842105263,1.0571428571428572,0.5333333333333333,2.0,3.8157894736842106,8.236842105263158,6.947368421052632,48.23684210526316,53.63157894736842,10.631578947368421,4.473684210526316,0.34210526315789475,11.447368421052632,326.0263157894737,3.973684210526316,2.9473684210526314,22.105263157894736,5.2105263157894735,8.921052631578947,3.710526315789474,15.289473684210526,8.631578947368421,-41,13.157894736842104,0.9210526315789473,19,False,False,True
2020-2021,West Ham United,38,65,19,8,11,62,47,491.83870967741933,4.868421052631579,24.5,310.05263157894734,19.92105263157895,42.78947368421053,,2.1315789473684212,1.3333333333333333,1.15625,3.0526315789473686,4.394736842105263,8.368421052631579,7.842105263157895,49.76315789473684,52.421052631578945,9.868421052631579,2.8684210526315788,0.6052631578947368,11.5,398.7368421052632,4.921052631578948,4.342105263157895,19.18421052631579,8.5,12.31578947368421,3.8157894736842106,13.526315789473685,7.368421052631579,15,50.0,1.631578947368421,6,False,False,False
2020-2021,Wolverhampton,38,45,12,9,17,36,52,260.258064516129,4.5,29.68421052631579,383.42105263157896,15.289473684210526,49.31578947368421,,1.2222222222222223,0.8285714285714286,0.7142857142857143,3.4210526315789473,5.473684210526316,8.131578947368421,12.31578947368421,50.578947368421055,46.578947368421055,11.210526315789474,2.710526315789474,0.42105263157894735,11.368421052631579,461.10526315789474,4.7105263157894735,4.052631578947368,17.763157894736842,7.394736842105263,12.18421052631579,4.7894736842105265,15.473684210526315,8.81578947368421,-16,31.57894736842105,0.9473684210526315,13,False,False,False
2021-2022,Arsenal,38,69,22,3,13,61,48,49359.206896551725,3.9210526315789473,20.789473684210527,401.42105263157896,12.368421052631579,53.026315789473685,,1.864864864864865,1.2,0.8709677419354839,4.5,5.473684210526316,8.842105263157896,8.394736842105264,48.26315789473684,59.55263157894737,9.605263157894736,2.7027027027027026,0.47368421052631576,7.7894736842105265,481.3157894736842,5.7894736842105265,5.2105263157894735,16.736842105263158,9.789473684210526,15.5,5.7105263157894735,14.210526315789474,8.18421052631579,13,57.89473684210527,1.605263157894737,5,False,False,False
2021-2022,Aston Villa,38,45,13,6,19,52,54,40635.89655172414,3.8421052631578947,20.763157894736842,312.3157894736842,14.31578947368421,46.44736842105263,,1.4857142857142858,0.9375,0.7586206896551724,3.4473684210526314,5.157894736842105,9.052631578947368,8.763157894736842,51.60526315789474,51.71052631578947,10.552631578947368,2.5789473684210527,0.15789473684210525,8.947368421052632,391.7368421052632,4.5,4.2631578947368425,16.55263157894737,7.657894736842105,12.210526315789474,4.552631578947368,16.68421052631579,10.052631578947368,-2,34.21052631578947,1.368421052631579,14,False,False,False
2021-2022,Brentford,38,46,13,7,18,48,56,30065.0,4.105263157894737,24.55263157894737,283.2105263157895,19.0,44.526315789473685,,1.8333333333333333,1.0571428571428572,0.9666666666666667,3.3157894736842106,4.184210526315789,7.657894736842105,6.894736842105263,50.28947368421053,54.28947368421053,9.763157894736842,3.4864864864864864,0.3157894736842105,10.342105263157896,384.3157894736842,4.2368421052631575,4.078947368421052,21.289473684210527,8.342105263157896,11.631578947368421,3.289473684210526,15.973684210526315,9.0,-8,34.21052631578947,1.263157894736842,13,False,False,False
2021-2022,Brighton & Hove Albion,38,51,12,15,11,42,44,35193.782608695656,4.894736842105263,25.18421052631579,404.63157894736844,15.052631578947368,54.60526315789474,,1.7222222222222223,1.2903225806451613,0.7586206896551724,3.6842105263157894,5.2631578947368425,9.157894736842104,8.342105263157896,51.8421052631579,59.3421052631579,10.342105263157896,2.736842105263158,0.2894736842105263,9.394736842105264,495.39473684210526,5.184210526315789,4.0,18.0,7.842105263157895,12.868421052631579,5.026315789473684,17.526315789473685,10.552631578947368,-2,31.57894736842105,1.105263157894737,9,False,False,False
2021-2022,Burnley,38,35,7,14,17,34,53,28285.166666666668,4.2368421052631575,28.342105263157894,224.05263157894737,21.92105263157895,39.71052631578947,,1.4722222222222223,1.1612903225806452,0.5862068965517241,2.710526315789474,4.815789473684211,7.631578947368421,6.7894736842105265,51.078947368421055,59.526315789473685,10.368421052631579,3.3947368421052633,0.39473684210526316,10.763157894736842,324.0,4.7105263157894735,3.289473684210526,21.894736842105264,6.947368421052632,10.710526315789474,3.763157894736842,15.5,8.526315789473685,-19,18.421052631578945,0.8947368421052632,18,False,False,True
2021-2022,Chelsea,38,74,21,11,6,76,33,39328.791666666664,4.105263157894737,25.68421052631579,531.578947368421,14.263157894736842,62.26315789473684,,2.5405405405405403,1.5142857142857142,1.4642857142857142,4.631578947368421,6.342105263157895,10.078947368421053,9.578947368421053,51.21052631578947,59.60526315789474,10.763157894736842,2.3333333333333335,0.4473684210526316,9.131578947368421,609.9736842105264,5.394736842105263,5.552631578947368,16.210526315789473,10.078947368421053,15.578947368421053,5.5,16.342105263157894,9.157894736842104,43,55.26315789473685,2.0,3,False,True,False
2021-2022,Crystal Palace,38,48,11,15,12,50,46,31888.0,3.973684210526316,26.31578947368421,365.86842105263156,16.13157894736842,51.1578947368421,,1.6944444444444444,1.1379310344827587,1.0,2.9473684210526314,4.605263157894737,12.394736842105264,10.078947368421053,50.526315789473685,50.21052631578947,10.894736842105264,2.6578947368421053,0.2894736842105263,8.763157894736842,455.5,4.026315789473684,3.8684210526315788,19.236842105263158,7.921052631578948,10.842105263157896,2.9210526315789473,16.736842105263158,9.81578947368421,4,28.947368421052634,1.3157894736842106,12,False,False,False
2021-2022,Everton,38,39,11,6,21,43,66,41648.61111111111,4.315789473684211,22.605263157894736,249.81578947368422,16.842105263157894,39.76315789473684,,1.3611111111111112,0.8,0.8064516129032258,3.8684210526315788,4.2368421052631575,8.552631578947368,8.868421052631579,49.55263157894737,54.81578947368421,9.68421052631579,3.3684210526315788,0.18421052631578946,9.605263157894736,340.63157894736844,4.0,3.6315789473684212,20.394736842105264,7.342105263157895,11.5,4.157894736842105,18.55263157894737,10.578947368421053,-23,28.947368421052634,1.131578947368421,16,False,False,False
2021-2022,Leeds United,38,38,9,11,18,42,79,36142.92592592593,3.1842105263157894,22.973684210526315,338.55263157894734,12.552631578947368,52.526315789473685,,1.6578947368421053,1.0277777777777777,0.8666666666666667,3.6052631578947367,4.473684210526316,7.842105263157895,8.921052631578947,47.10526315789474,49.86842105263158,12.342105263157896,3.972972972972973,0.47368421052631576,10.394736842105264,434.2894736842105,5.105263157894737,4.052631578947368,15.894736842105264,7.552631578947368,12.763157894736842,5.2105263157894735,20.68421052631579,11.473684210526315,-37,23.684210526315788,1.105263157894737,17,False,False,False
2021-2022,Leicester City,38,52,14,10,14,62,59,34449.307692307695,2.5789473684210527,22.842105263157894,399.86842105263156,14.0,52.18421052631579,,1.972972972972973,1.121212121212121,1.2,3.1052631578947367,4.868421052631579,9.68421052631579,7.815789473684211,49.89473684210526,49.078947368421055,9.368421052631579,3.5526315789473686,0.23684210526315788,9.657894736842104,488.89473684210526,3.8947368421052633,4.447368421052632,19.13157894736842,7.078947368421052,11.447368421052632,4.368421052631579,18.157894736842106,10.105263157894736,3,36.84210526315789,1.631578947368421,8,False,False,False
2021-2022,Liverpool,38,92,28,8,2,94,26,41387.22727272727,5.815789473684211,30.236842105263158,527.1315789473684,15.105263157894736,63.21052631578947,,3.5675675675675675,1.6857142857142857,2.0277777777777777,5.631578947368421,7.421052631578948,9.631578947368421,9.026315789473685,49.05263157894737,73.15789473684211,9.552631578947368,2.1578947368421053,0.23684210526315788,8.973684210526315,620.7105263157895,6.815789473684211,6.7368421052631575,13.131578947368421,12.894736842105264,19.18421052631579,6.2894736842105265,14.578947368421053,8.421052631578947,68,73.68421052631578,2.473684210526316,2,False,True,False
2021-2022,Manchester City,38,93,29,6,3,99,26,47021.0,4.421052631578948,30.763157894736842,616.3421052631579,12.736842105263158,68.23684210526316,,3.210526315789474,1.911764705882353,1.8387096774193548,5.578947368421052,8.31578947368421,8.263157894736842,11.18421052631579,51.68421052631579,71.3157894736842,8.447368421052632,1.6756756756756757,0.631578947368421,7.342105263157895,687.3157894736842,6.526315789473684,6.657894736842105,9.736842105263158,13.105263157894736,18.763157894736842,5.657894736842105,13.078947368421053,7.473684210526316,73,76.31578947368422,2.6052631578947367,1,True,True,False
2021-2022,Manchester United,38,58,16,10,12,57,57,55809.57142857143,3.973684210526316,25.31578947368421,414.57894736842104,14.68421052631579,52.76315789473684,,2.1052631578947367,1.3243243243243243,1.1071428571428572,3.789473684210526,5.184210526315789,8.763157894736842,9.68421052631579,50.89473684210526,53.5,10.421052631578947,3.3684210526315788,0.34210526315789475,8.921052631578947,500.8157894736842,4.657894736842105,4.921052631578948,17.710526315789473,8.578947368421053,13.368421052631579,4.7894736842105265,15.394736842105264,9.447368421052632,0,42.10526315789473,1.5,6,False,False,False
2021-2022,Newcastle United,38,49,13,10,15,44,62,45008.8275862069,3.9473684210526314,25.63157894736842,245.5,17.81578947368421,40.0,,1.3611111111111112,0.9032258064516129,0.65625,3.1842105263157894,4.2105263157894735,9.447368421052632,9.447368421052632,50.86842105263158,47.18421052631579,10.31578947368421,2.8157894736842106,0.18421052631578946,9.473684210526315,329.0263157894737,4.7105263157894735,3.9210526315789473,19.55263157894737,7.052631578947368,11.81578947368421,4.7631578947368425,17.342105263157894,10.078947368421053,-18,34.21052631578947,1.1578947368421053,11,False,False,False
2021-2022,Norwich City,38,22,5,7,26,23,84,32306.23076923077,3.3421052631578947,24.289473684210527,294.94736842105266,13.026315789473685,42.5,,1.0,0.7714285714285715,0.3448275862068966,3.0789473684210527,4.342105263157895,8.236842105263158,7.842105263157895,48.60526315789474,43.39473684210526,9.368421052631579,3.810810810810811,0.21052631578947367,10.026315789473685,380.6842105263158,3.8684210526315788,2.8684210526315788,21.473684210526315,5.394736842105263,9.81578947368421,4.421052631578948,16.157894736842106,9.68421052631579,-61,13.157894736842104,0.6052631578947368,20,False,False,True
2021-2022,Southampton,38,40,9,13,16,43,67,35335.818181818184,3.973684210526316,20.605263157894736,308.3421052631579,17.763157894736842,47.71052631578947,,1.7647058823529411,1.2424242424242424,0.6785714285714286,3.5526315789473686,6.131578947368421,9.605263157894736,9.210526315789474,48.68421052631579,54.026315789473685,10.578947368421053,3.1052631578947367,0.2631578947368421,11.736842105263158,402.3157894736842,4.657894736842105,4.473684210526316,20.026315789473685,7.842105263157895,12.68421052631579,4.842105263157895,15.842105263157896,8.947368421052632,-24,23.684210526315788,1.131578947368421,15,False,False,False
2021-2022,Tottenham Hotspur,38,71,22,5,11,69,40,46929.36,3.973684210526316,21.973684210526315,428.7105263157895,14.868421052631579,51.81578947368421,,2.810810810810811,1.7142857142857142,1.4193548387096775,3.5,5.078947368421052,8.973684210526315,9.868421052631579,51.526315789473685,47.973684210526315,10.157894736842104,2.5789473684210527,0.34210526315789475,9.342105263157896,504.3421052631579,4.2105263157894735,5.2105263157894735,19.94736842105263,8.552631578947368,12.921052631578947,4.368421052631579,15.736842105263158,9.18421052631579,29,57.89473684210527,1.8157894736842106,4,False,True,False
2021-2022,Watford,38,23,6,5,27,34,77,29014.576923076922,3.8421052631578947,24.5,250.23684210526315,18.86842105263158,40.31578947368421,,1.6111111111111112,1.1470588235294117,0.6551724137931034,2.5526315789473686,4.2368421052631575,10.236842105263158,10.394736842105264,47.63157894736842,51.473684210526315,11.631578947368421,3.0789473684210527,0.2894736842105263,11.68421052631579,343.3157894736842,4.605263157894737,3.3421052631578947,22.789473684210527,6.5,10.5,4.0,16.157894736842106,9.368421052631579,-43,15.789473684210526,0.8947368421052632,19,False,False,True
2021-2022,West Ham United,38,56,16,8,14,60,51,43588.739130434784,4.131578947368421,25.31578947368421,351.63157894736844,16.894736842105264,47.71052631578947,,2.0277777777777777,1.15625,1.0909090909090908,3.3684210526315788,5.2631578947368425,7.7105263157894735,8.052631578947368,49.5,52.973684210526315,8.5,3.0526315789473686,0.2631578947368421,9.842105263157896,436.2894736842105,4.315789473684211,4.131578947368421,19.86842105263158,8.052631578947368,11.81578947368421,3.763157894736842,14.052631578947368,7.921052631578948,9,42.10526315789473,1.5789473684210527,7,False,False,False
2021-2022,Wolverhampton,38,51,15,6,17,38,43,37105.913043478264,3.6052631578947367,27.473684210526315,374.63157894736844,12.236842105263158,49.526315789473685,,1.6571428571428573,1.2121212121212122,0.6428571428571429,2.8421052631578947,4.421052631578948,8.973684210526315,11.842105263157896,50.18421052631579,48.39473684210526,9.631578947368421,3.3783783783783785,0.3157894736842105,10.236842105263158,460.9736842105263,4.157894736842105,3.5789473684210527,20.289473684210527,6.2894736842105265,10.578947368421053,4.2894736842105265,17.710526315789473,9.921052631578947,-5,39.473684210526315,1.0,10,False,False,False
2022-2023,Arsenal,38,84,26,6,6,88,43,48255.52631578947,3.6315789473684212,22.210526315789473,459.3157894736842,12.894736842105264,59.76315789473684,61.25,2.6052631578947367,1.3888888888888888,1.4411764705882353,4.842105263157895,5.868421052631579,9.947368421052632,9.394736842105264,50.026315789473685,65.28947368421052,9.81578947368421,2.5,0.39473684210526316,6.2368421052631575,538.0526315789474,5.394736842105263,5.368421052631579,14.894736842105264,10.894736842105264,15.605263157894736,4.7105263157894735,14.947368421052632,9.026315789473685,45,68.42105263157895,2.3157894736842106,2,False,True,False
2022-2023,Aston Villa,38,61,18,7,13,51,46,40274.97297297297,3.3684210526315788,23.07894736842105,340.0,11.736842105263158,49.39473684210526,57.0,2.0,1.1764705882352942,0.967741935483871,3.3684210526315788,4.2894736842105265,9.763157894736842,7.7894736842105265,50.05263157894737,48.86842105263158,10.973684210526315,2.8684210526315788,0.5526315789473685,8.526315789473685,419.4736842105263,4.0,3.973684210526316,17.44736842105263,7.315789473684211,11.342105263157896,4.026315789473684,16.63157894736842,8.894736842105264,5,47.368421052631575,1.3421052631578947,7,False,False,False
2022-2023,Bournemouth,38,39,11,6,21,37,71,25856.45945945946,3.6052631578947367,21.157894736842106,284.39473684210526,13.763157894736842,40.13157894736842,65.75,1.3513513513513513,0.84375,0.7419354838709677,2.526315789473684,3.789473684210526,9.657894736842104,8.447368421052632,48.1578947368421,45.578947368421055,10.289473684210526,3.5789473684210527,0.13157894736842105,9.289473684210526,366.7894736842105,3.3947368421052633,3.5,25.605263157894736,6.7894736842105265,9.421052631578947,2.6315789473684212,16.263157894736842,9.763157894736842,-34,28.947368421052634,0.9736842105263158,15,False,False,False
2022-2023,Brentford,38,59,15,14,9,58,46,29797.472222222223,4.473684210526316,26.55263157894737,273.8421052631579,17.55263157894737,43.473684210526315,59.333333333333336,2.4594594594594597,1.5,1.25,2.236842105263158,4.2894736842105265,8.81578947368421,6.947368421052632,50.26315789473684,55.36842105263158,9.31578947368421,4.052631578947368,0.2631578947368421,8.973684210526315,366.3157894736842,4.2368421052631575,4.2631578947368425,20.263157894736842,7.868421052631579,10.736842105263158,2.8684210526315788,15.447368421052632,8.868421052631579,12,39.473684210526315,1.5263157894736843,9,False,False,False
2022-2023,Brighton & Hove Albion,38,62,18,8,12,72,53,35620.56756756757,4.421052631578948,23.94736842105263,480.86842105263156,11.736842105263158,60.421052631578945,54.333333333333336,3.0526315789473686,1.864864864864865,1.5161290322580645,4.2894736842105265,6.131578947368421,8.526315789473685,9.052631578947368,51.71052631578947,58.36842105263158,11.236842105263158,2.236842105263158,0.42105263157894735,7.973684210526316,560.0,5.7368421052631575,6.105263157894737,10.842105263157896,10.763157894736842,16.13157894736842,5.368421052631579,16.210526315789473,8.947368421052632,19,47.368421052631575,1.894736842105263,6,False,False,False
2022-2023,Chelsea,38,44,11,11,16,38,47,38903.91891891892,4.0,23.842105263157894,477.7368421052632,13.052631578947368,59.05263157894737,57.6,1.868421052631579,1.4444444444444444,0.7037037037037037,3.8421052631578947,5.5,10.026315789473685,10.052631578947368,52.28947368421053,56.28947368421053,10.447368421052632,3.0526315789473686,0.39473684210526316,8.973684210526315,556.5526315789474,4.7105263157894735,4.184210526315789,16.526315789473685,8.5,12.736842105263158,4.2368421052631575,19.473684210526315,11.710526315789474,-9,28.947368421052634,1.0,12,False,False,False
2022-2023,Crystal Palace,38,45,11,12,15,40,49,32051.135135135137,3.5526315789473686,22.86842105263158,327.63157894736844,13.105263157894736,46.13157894736842,56.0,1.4054054054054055,0.75,1.0,3.6315789473684212,4.894736842105263,12.026315789473685,9.657894736842104,50.0,51.76315789473684,11.736842105263158,3.0526315789473686,0.2894736842105263,9.447368421052632,413.3421052631579,4.0,3.5789473684210527,20.736842105263158,7.105263157894737,11.210526315789474,4.105263157894737,18.157894736842106,11.078947368421053,-9,28.947368421052634,1.0526315789473684,11,False,False,False
2022-2023,Everton,38,36,8,12,18,34,57,38477.05263157895,4.184210526315789,24.0,286.8421052631579,15.342105263157896,42.578947368421055,58.2,1.8055555555555556,1.3823529411764706,0.6206896551724138,3.210526315789474,4.605263157894737,7.894736842105263,7.973684210526316,51.1578947368421,56.26315789473684,10.421052631578947,3.3684210526315788,0.15789473684210525,10.263157894736842,372.42105263157896,4.078947368421052,4.0,21.81578947368421,7.342105263157895,11.289473684210526,3.9473684210526314,18.63157894736842,11.157894736842104,-23,21.052631578947366,0.8947368421052632,17,False,False,False
2022-2023,Fulham,38,52,15,7,16,55,53,30910.135135135137,5.2368421052631575,24.842105263157894,340.92105263157896,13.526315789473685,48.63157894736842,52.2,1.6756756756756757,0.8333333333333334,1.0666666666666667,3.0526315789473686,4.7894736842105265,9.973684210526315,7.078947368421052,49.55263157894737,52.18421052631579,10.81578947368421,3.8421052631578947,0.39473684210526316,8.947368421052632,426.2368421052632,4.315789473684211,3.9210526315789473,18.789473684210527,7.473684210526316,11.289473684210526,3.8157894736842106,16.42105263157895,9.18421052631579,2,39.473684210526315,1.4473684210526316,10,False,False,False
2022-2023,Leeds United,38,31,7,10,21,48,78,34111.89189189189,4.2368421052631575,17.81578947368421,298.5,15.473684210526315,46.94736842105263,63.5,1.6666666666666667,1.0277777777777777,0.8846153846153846,3.8421052631578947,5.2368421052631575,11.078947368421053,7.052631578947368,47.89473684210526,56.8421052631579,12.289473684210526,2.8947368421052633,0.15789473684210525,10.31578947368421,398.60526315789474,4.5,3.8157894736842106,18.657894736842106,8.236842105263158,12.157894736842104,3.9210526315789473,22.07894736842105,12.631578947368421,-30,18.421052631578945,1.263157894736842,19,False,False,True
2022-2023,Leicester City,38,34,9,7,22,51,68,36289.31578947369,3.0789473684210527,20.0,366.89473684210526,13.5,47.6578947368421,66.0,1.9736842105263157,1.3611111111111112,0.8125,2.9473684210526314,3.5526315789473686,8.236842105263158,7.657894736842105,50.18421052631579,54.18421052631579,10.789473684210526,3.0526315789473686,0.34210526315789475,9.657894736842104,456.9736842105263,4.052631578947368,4.0,19.026315789473685,6.973684210526316,11.0,4.026315789473684,18.42105263157895,10.842105263157896,-17,23.684210526315788,1.3421052631578947,18,False,False,True
2022-2023,Liverpool,38,67,19,10,9,75,47,44616.28571428572,5.526315789473684,30.31578947368421,496.42105263157896,12.68421052631579,61.026315789473685,65.83333333333333,3.289473684210526,2.1666666666666665,1.4242424242424243,4.342105263157895,6.184210526315789,10.894736842105264,8.447368421052632,47.55263157894737,67.05263157894737,10.657894736842104,3.0,0.42105263157894735,8.763157894736842,589.5,6.0,5.578947368421052,14.210526315789474,11.368421052631579,15.921052631578947,4.552631578947368,15.526315789473685,9.736842105263158,28,50.0,1.9736842105263157,5,False,False,False
2022-2023,Manchester City,38,89,28,5,5,94,33,46601.07894736842,4.842105263157895,28.36842105263158,588.4736842105264,11.605263157894736,65.05263157894737,57.857142857142854,3.473684210526316,2.0588235294117645,1.7222222222222223,4.368421052631579,6.2631578947368425,7.842105263157895,8.789473684210526,52.31578947368421,62.73684210526316,9.131578947368421,1.5789473684210527,0.5,5.868421052631579,659.7894736842105,5.657894736842105,5.7631578947368425,10.289473684210526,10.736842105263158,15.789473684210526,5.052631578947368,12.394736842105264,7.157894736842105,61,73.68421052631578,2.473684210526316,1,True,True,False
2022-2023,Manchester United,38,75,23,6,9,58,43,52969.5,3.1052631578947367,24.736842105263158,413.44736842105266,12.289473684210526,53.78947368421053,63.2,2.9210526315789473,1.9189189189189189,1.3333333333333333,4.368421052631579,5.157894736842105,7.7105263157894735,8.394736842105264,49.39473684210526,54.81578947368421,11.157894736842104,2.6578947368421053,0.5263157894736842,9.263157894736842,502.2631578947368,5.578947368421052,5.657894736842105,19.31578947368421,9.552631578947368,15.605263157894736,6.052631578947368,17.31578947368421,10.526315789473685,15,60.526315789473685,1.5263157894736843,3,False,True,False
2022-2023,Newcastle United,38,71,19,14,5,68,33,43168.26315789474,5.552631578947368,24.05263157894737,337.05263157894734,14.710526315789474,52.39473684210526,55.75,2.973684210526316,1.9714285714285715,1.6923076923076923,4.447368421052632,7.105263157894737,9.552631578947368,9.18421052631579,50.89473684210526,53.0,10.68421052631579,2.5526315789473686,0.6842105263157895,8.763157894736842,422.42105263157896,5.394736842105263,5.184210526315789,17.0,10.973684210526315,15.026315789473685,4.052631578947368,15.973684210526315,9.473684210526315,35,50.0,1.7894736842105263,4,False,True,False
2022-2023,Nottingham Forest,38,38,9,11,18,38,68,34210.81578947369,2.763157894736842,20.289473684210527,230.28947368421052,14.81578947368421,37.28947368421053,60.333333333333336,1.3888888888888888,0.8235294117647058,0.7096774193548387,2.4473684210526314,3.3684210526315788,7.2105263157894735,6.842105263157895,50.578947368421055,45.73684210526316,11.710526315789474,3.108108108108108,0.21052631578947367,9.18421052631579,318.5263157894737,4.131578947368421,3.1052631578947367,23.473684210526315,6.2631578947368425,9.68421052631579,3.4210526315789473,17.342105263157894,10.18421052631579,-30,23.684210526315788,1.0,16,False,False,False
2022-2023,Southampton,38,25,6,7,25,36,73,34226.64864864865,3.8684210526315788,21.05263157894737,301.1578947368421,14.552631578947368,44.473684210526315,61.5,1.4444444444444444,0.9090909090909091,0.7586206896551724,2.9210526315789473,4.131578947368421,10.5,9.447368421052632,49.473684210526315,52.89473684210526,11.31578947368421,2.2432432432432434,0.2631578947368421,11.210526315789474,389.2894736842105,4.315789473684211,3.736842105263158,21.736842105263158,6.657894736842105,10.973684210526315,4.315789473684211,18.763157894736842,11.210526315789474,-37,15.789473684210526,0.9473684210526315,20,False,False,True
2022-2023,Tottenham Hotspur,38,60,18,6,14,70,63,50121.10526315789,4.842105263157895,24.342105263157894,395.94736842105266,14.552631578947368,49.94736842105263,63.0,2.0526315789473686,1.2352941176470589,1.0588235294117647,3.8421052631578947,5.342105263157895,9.368421052631579,8.105263157894736,49.63157894736842,46.63157894736842,11.157894736842104,2.9210526315789473,0.4473684210526316,8.947368421052632,474.7894736842105,4.552631578947368,5.2368421052631575,19.07894736842105,9.289473684210526,13.631578947368421,4.342105263157895,16.236842105263158,9.289473684210526,7,47.368421052631575,1.8421052631578947,8,False,False,False
2022-2023,West Ham United,38,40,11,7,20,42,55,47699.67567567567,4.157894736842105,24.36842105263158,301.1842105263158,16.342105263157894,41.6578947368421,59.2,1.7714285714285714,1.0666666666666667,1.0,3.736842105263158,5.421052631578948,9.421052631578947,6.342105263157895,49.26315789473684,48.55263157894737,9.526315789473685,3.0789473684210527,0.42105263157894735,10.736842105263158,385.10526315789474,4.921052631578948,3.8157894736842106,20.5,7.973684210526316,12.473684210526315,4.5,15.973684210526315,8.81578947368421,-13,28.947368421052634,1.105263157894737,14,False,False,False
2022-2023,Wolverhampton,38,41,11,8,19,31,58,32247.694444444445,4.105263157894737,26.07894736842105,357.63157894736844,12.31578947368421,50.18421052631579,59.333333333333336,1.1388888888888888,0.875,0.5416666666666666,3.026315789473684,4.868421052631579,8.605263157894736,9.868421052631579,49.55263157894737,49.5,12.18421052631579,3.1315789473684212,0.15789473684210525,7.342105263157895,439.7894736842105,4.5,3.3157894736842106,20.526315789473685,6.7368421052631575,10.842105263157896,4.105263157894737,17.394736842105264,9.736842105263158,-27,28.947368421052634,0.8157894736842105,13,False,False,False
2023-2024,Arsenal,38,89,28,5,5,91,29,48903.55263157895,4.578947368421052,19.105263157894736,481.0,13.552631578947368,58.44736842105263,53.473684210526315,3.054054054054054,1.96875,1.5625,5.7368421052631575,6.973684210526316,9.868421052631579,7.447368421052632,49.68421052631579,59.36842105263158,10.289473684210526,1.4473684210526316,0.34210526315789475,7.684210526315789,554.0,5.552631578947368,6.0,12.657894736842104,12.31578947368421,17.289473684210527,4.973684210526316,16.05263157894737,9.157894736842104,62,73.68421052631578,2.3947368421052633,2,False,True,False
2023-2024,Aston Villa,38,68,20,8,10,76,61,39869.28571428572,3.8684210526315788,21.18421052631579,402.7631578947368,8.947368421052632,53.23684210526316,50.578947368421055,2.5789473684210527,1.6111111111111112,1.3333333333333333,3.763157894736842,6.078947368421052,10.947368421052632,9.078947368421053,49.1578947368421,49.078947368421055,10.842105263157896,3.135135135135135,0.3157894736842105,6.2105263157894735,470.42105263157896,4.7631578947368425,5.026315789473684,14.789473684210526,9.605263157894736,13.552631578947368,3.9473684210526314,14.394736842105264,8.18421052631579,15,52.63157894736842,2.0,4,False,True,False
2023-2024,Bournemouth,38,48,13,9,16,54,67,24582.972972972973,4.5,23.763157894736842,288.07894736842104,15.68421052631579,44.05263157894737,60.473684210526315,2.1842105263157894,1.3611111111111112,0.9714285714285714,4.105263157894737,6.184210526315789,10.157894736842104,10.052631578947368,46.76315789473684,56.3421052631579,13.342105263157896,3.5,0.34210526315789475,9.394736842105264,373.7894736842105,5.2894736842105265,4.868421052631579,20.736842105263158,9.473684210526315,14.263157894736842,4.7894736842105265,18.236842105263158,10.789473684210526,-13,34.21052631578947,1.4210526315789473,13,False,False,False
2023-2024,Brentford,38,39,10,9,19,56,65,28204.324324324323,5.2368421052631575,25.026315789473685,306.9736842105263,16.92105263157895,44.973684210526315,56.8421052631579,2.8157894736842106,1.9166666666666667,1.1176470588235294,3.1578947368421053,4.842105263157895,7.131578947368421,6.394736842105263,51.0,52.973684210526315,10.131578947368421,3.27027027027027,0.34210526315789475,9.947368421052632,400.60526315789474,4.7631578947368425,4.526315789473684,22.763157894736842,9.105263157894736,12.447368421052632,3.3421052631578947,17.81578947368421,10.5,-9,26.31578947368421,1.4736842105263157,16,False,False,False
2023-2024,Brighton & Hove Albion,38,48,12,12,14,55,62,34711.73684210526,4.7631578947368425,20.94736842105263,551.2368421052631,10.789473684210526,60.21052631578947,53.78947368421053,2.4594594594594597,1.7428571428571429,0.967741935483871,4.394736842105263,5.421052631578948,9.0,7.815789473684211,50.44736842105263,54.86842105263158,10.894736842105264,2.8421052631578947,0.2894736842105263,7.578947368421052,619.6578947368421,4.894736842105263,5.473684210526316,15.052631578947368,10.0,14.763157894736842,4.7631578947368425,16.94736842105263,9.631578947368421,-7,31.57894736842105,1.4473684210526316,11,False,False,False
2023-2024,Burnley,38,24,5,9,24,41,78,29966.702702702703,3.473684210526316,22.763157894736842,344.13157894736844,15.157894736842104,47.44736842105263,54.39473684210526,1.5789473684210527,1.1944444444444444,0.53125,3.0526315789473686,4.7368421052631575,7.7894736842105265,7.894736842105263,47.1578947368421,51.44736842105263,11.289473684210526,4.473684210526316,0.15789473684210525,7.368421052631579,432.8157894736842,4.605263157894737,3.736842105263158,21.657894736842106,7.131578947368421,11.394736842105264,4.2631578947368425,15.973684210526315,9.0,-37,13.157894736842104,1.0789473684210527,19,False,False,True
2023-2024,Chelsea,38,63,18,9,11,77,63,39117.07894736842,3.0,23.210526315789473,504.7105263157895,11.81578947368421,58.89473684210526,55.10526315789474,3.210526315789474,1.972972972972973,1.4411764705882353,3.763157894736842,5.315789473684211,9.736842105263158,10.473684210526315,50.94736842105263,51.13157894736842,11.736842105263158,3.3684210526315788,0.4473684210526316,7.842105263157895,577.0,5.026315789473684,5.657894736842105,19.236842105263158,9.447368421052632,14.447368421052632,5.0,17.44736842105263,9.894736842105264,14,47.368421052631575,2.026315789473684,6,False,False,False
2023-2024,Crystal Palace,38,49,13,10,15,57,58,32359.485714285714,3.763157894736842,21.526315789473685,318.05263157894734,14.81578947368421,42.078947368421055,56.18421052631579,1.9189189189189189,1.125,1.0606060606060606,3.4473684210526314,4.684210526315789,11.210526315789474,8.973684210526315,50.973684210526315,51.421052631578945,12.026315789473685,2.6052631578947367,0.21052631578947367,8.526315789473685,401.60526315789474,4.105263157894737,4.447368421052632,22.81578947368421,7.842105263157895,12.0,4.157894736842105,20.736842105263158,12.210526315789474,-1,34.21052631578947,1.5,10,False,False,False
2023-2024,Everton,38,48,13,9,16,40,51,38792.555555555555,4.473684210526316,27.42105263157895,273.7368421052632,18.263157894736842,40.55263157894737,60.23684210526316,2.5,2.032258064516129,0.9310344827586207,3.3947368421052633,4.7631578947368425,8.421052631578947,6.578947368421052,50.73684210526316,58.26315789473684,12.026315789473685,3.1842105263157894,0.47368421052631576,9.421052631578947,362.2105263157895,5.684210526315789,4.2631578947368425,22.07894736842105,8.631578947368421,13.342105263157896,4.7105263157894735,19.55263157894737,11.631578947368421,-11,34.21052631578947,1.0526315789473684,12,False,False,False
2023-2024,Fulham,38,47,13,8,17,55,61,31634.5,4.7368421052631575,25.57894736842105,403.7631578947368,13.026315789473685,50.76315789473684,55.44736842105263,1.864864864864865,1.0606060606060606,1.1333333333333333,3.3947368421052633,5.578947368421052,8.552631578947368,7.131578947368421,50.5,49.921052631578945,10.105263157894736,3.526315789473684,0.5,9.763157894736842,489.13157894736844,5.052631578947368,4.7368421052631575,18.842105263157894,8.605263157894736,13.18421052631579,4.578947368421052,17.86842105263158,10.105263157894736,-6,34.21052631578947,1.4473684210526316,14,False,False,False
2023-2024,Liverpool,38,82,24,10,4,86,41,47179.305555555555,6.026315789473684,25.289473684210527,508.2368421052632,15.552631578947368,61.6578947368421,59.973684210526315,3.3684210526315788,2.1944444444444446,1.4411764705882353,5.842105263157895,7.552631578947368,10.710526315789474,8.710526315789474,48.526315789473685,64.6842105263158,12.18421052631579,2.9210526315789473,0.6578947368421053,7.684210526315789,592.5,7.657894736842105,7.2894736842105265,14.868421052631579,13.552631578947368,20.789473684210527,7.2368421052631575,17.81578947368421,11.0,45,63.1578947368421,2.263157894736842,3,False,True,False
2023-2024,Luton Town,38,26,6,8,24,52,85,25785.052631578947,5.131578947368421,22.894736842105264,267.05263157894734,17.0,42.078947368421055,56.18421052631579,1.7105263157894737,0.7941176470588235,1.0857142857142856,3.6578947368421053,5.342105263157895,10.131578947368421,9.31578947368421,50.1578947368421,49.73684210526316,11.657894736842104,3.8684210526315788,0.34210526315789475,8.552631578947368,350.9736842105263,4.0,3.710526315789474,22.842105263157894,7.815789473684211,11.368421052631579,3.5526315789473686,17.210526315789473,9.68421052631579,-33,15.789473684210526,1.368421052631579,18,False,False,True
2023-2024,Manchester City,38,91,28,7,3,96,34,45088.45714285714,4.078947368421052,26.36842105263158,625.078947368421,8.736842105263158,65.44736842105263,50.973684210526315,3.3513513513513513,2.0277777777777777,1.5454545454545454,5.473684210526316,7.526315789473684,9.368421052631579,9.921052631578947,52.8421052631579,63.8421052631579,7.605263157894737,2.026315789473684,0.2894736842105263,6.131578947368421,690.8157894736842,5.447368421052632,7.315789473684211,11.052631578947368,12.0,18.236842105263158,6.2368421052631575,13.605263157894736,8.026315789473685,62,73.68421052631578,2.526315789473684,1,True,True,False
2023-2024,Manchester United,38,60,18,6,14,57,58,54396.94594594595,3.3947368421052633,23.5,393.39473684210526,11.605263157894736,50.5,55.10526315789474,2.0789473684210527,1.4705882352941178,0.90625,4.578947368421052,5.894736842105263,9.0,8.18421052631579,48.921052631578945,52.18421052631579,10.552631578947368,3.9210526315789473,0.23684210526315788,8.236842105263158,475.5263157894737,4.815789473684211,5.078947368421052,21.92105263157895,9.31578947368421,14.473684210526315,5.157894736842105,17.789473684210527,10.763157894736842,-1,47.368421052631575,1.5,8,False,False,False
2023-2024,Newcastle United,38,60,18,6,14,85,62,45089.21052631579,4.657894736842105,21.07894736842105,396.6842105263158,12.026315789473685,52.21052631578947,55.68421052631579,3.6216216216216215,2.0588235294117645,1.7777777777777777,4.026315789473684,5.052631578947368,10.526315789473685,9.342105263157896,51.21052631578947,49.5,10.157894736842104,3.5526315789473686,0.34210526315789475,7.5,479.7368421052632,4.868421052631579,5.605263157894737,17.13157894736842,10.394736842105264,14.5,4.105263157894737,17.394736842105264,10.289473684210526,23,47.368421052631575,2.236842105263158,7,False,False,False
2023-2024,Nottingham Forest,38,36,9,9,20,49,67,33957.444444444445,3.4210526315789473,22.18421052631579,293.3421052631579,15.736842105263158,40.26315789473684,54.18421052631579,2.1315789473684212,1.457142857142857,0.967741935483871,3.0526315789473686,3.8947368421052633,7.526315789473684,7.2368421052631575,51.63157894736842,47.1578947368421,11.263157894736842,2.710526315789474,0.39473684210526316,8.710526315789474,373.0263157894737,4.921052631578948,3.8947368421052633,23.94736842105263,7.605263157894737,11.868421052631579,4.2631578947368425,19.157894736842106,11.31578947368421,-18,23.684210526315788,1.2894736842105263,17,False,False,False
2023-2024,Sheffield United,38,16,3,7,28,35,104,33564.68571428571,2.789473684210526,19.81578947368421,232.6315789473684,15.921052631578947,35.39473684210526,51.8421052631579,1.631578947368421,1.1388888888888888,0.5833333333333334,2.763157894736842,3.710526315789474,8.473684210526315,6.605263157894737,47.39473684210526,46.078947368421055,11.131578947368421,4.473684210526316,0.18421052631578946,9.157894736842104,321.7105263157895,3.4473684210526314,3.3947368421052633,26.236842105263158,6.473684210526316,9.605263157894736,3.1315789473684212,18.657894736842106,10.657894736842104,-69,7.894736842105263,0.9210526315789473,20,False,False,True
2023-2024,Tottenham Hotspur,38,66,20,6,12,74,61,47506.32432432433,3.5526315789473686,16.236842105263158,517.3684210526316,9.657894736842104,62.05263157894737,56.13157894736842,2.8157894736842106,1.7567567567567568,1.2,4.5,6.157894736842105,9.868421052631579,9.447368421052632,51.18421052631579,57.55263157894737,11.18421052631579,2.8947368421052633,0.47368421052631576,9.342105263157896,591.7894736842105,5.2105263157894735,5.657894736842105,17.157894736842106,10.5,15.368421052631579,4.868421052631579,19.05263157894737,11.868421052631579,13,52.63157894736842,1.9473684210526316,5,False,False,False
2023-2024,West Ham United,38,52,14,10,14,60,74,49902.61111111111,4.157894736842105,22.973684210526315,306.7631578947368,15.263157894736842,40.8421052631579,55.05263157894737,2.1052631578947367,1.3142857142857143,1.0,2.9473684210526314,4.368421052631579,10.447368421052632,9.289473684210526,50.5,50.81578947368421,10.263157894736842,4.5,0.3684210526315789,9.5,387.6842105263158,4.842105263157895,4.052631578947368,22.68421052631579,8.18421052631579,11.842105263157896,3.6578947368421053,18.0,11.210526315789474,-14,36.84210526315789,1.5789473684210527,9,False,False,False
2023-2024,Wolverhampton,38,46,13,7,18,50,65,34805.54285714286,3.710526315789474,21.157894736842106,382.2105263157895,11.81578947368421,48.89473684210526,57.36842105263158,1.9210526315789473,1.2727272727272727,0.9117647058823529,2.9210526315789473,4.105263157894737,10.236842105263158,10.921052631578947,50.23684210526316,44.13157894736842,12.526315789473685,3.736842105263158,0.3157894736842105,7.473684210526316,464.10526315789474,4.157894736842105,4.2105263157894735,20.68421052631579,7.526315789473684,11.289473684210526,3.763157894736842,19.44736842105263,11.31578947368421,-15,34.21052631578947,1.3157894736842106,15,False,False,False
2024-2025,Arsenal,38,74,20,14,4,69,34,50107.45945945946,4.842105263157895,16.44736842105263,426.6578947368421,12.657894736842104,56.973684210526315,45.1578947368421,2.972972972972973,2.121212121212121,1.3793103448275863,4.684210526315789,6.605263157894737,10.052631578947368,8.421052631578947,49.73684210526316,54.94736842105263,10.552631578947368,2.263157894736842,0.3157894736842105,5.921052631578948,489.9736842105263,4.7368421052631575,4.947368421052632,17.0,10.526315789473685,14.368421052631579,3.8421052631578947,15.736842105263158,9.157894736842104,35,52.63157894736842,1.8157894736842106,2,False,True,False
2024-2025,Aston Villa,38,66,19,9,10,58,51,41193.37142857143,3.289473684210526,17.92105263157895,370.55263157894734,10.157894736842104,50.60526315789474,44.68421052631579,3.081081081081081,2.1714285714285713,1.1515151515151516,3.526315789473684,6.052631578947368,10.157894736842104,8.605263157894736,51.44736842105263,48.55263157894737,10.68421052631579,2.8421052631578947,0.42105263157894735,6.315789473684211,434.42105263157896,4.7368421052631575,4.473684210526316,19.157894736842106,8.868421052631579,12.736842105263158,3.8684210526315788,16.763157894736842,9.789473684210526,7,50.0,1.5263157894736843,6,False,False,False
2024-2025,Bournemouth,38,56,15,11,12,58,46,23954.916666666668,5.184210526315789,23.105263157894736,318.10526315789474,15.289473684210526,48.578947368421055,54.18421052631579,2.864864864864865,1.9428571428571428,1.1176470588235294,4.2368421052631575,6.0,9.210526315789474,7.7368421052631575,48.421052631578945,59.76315789473684,13.81578947368421,3.3684210526315788,0.6052631578947368,9.236842105263158,398.7894736842105,5.7368421052631575,5.315789473684211,25.94736842105263,10.289473684210526,15.289473684210526,5.0,18.18421052631579,10.5,12,39.473684210526315,1.5263157894736843,9,False,False,False
2024-2025,Brentford,38,56,16,8,14,66,57,27035.81081081081,4.315789473684211,25.342105263157894,332.0,16.63157894736842,47.76315789473684,50.921052631578945,2.8684210526315788,1.7941176470588236,1.4545454545454546,2.8421052631578947,4.578947368421052,7.894736842105263,6.973684210526316,51.44736842105263,53.44736842105263,8.421052631578947,4.105263157894737,0.2631578947368421,7.5,411.36842105263156,3.8947368421052633,4.842105263157895,26.42105263157895,8.894736842105264,11.578947368421053,2.6842105263157894,16.657894736842106,10.0,9,42.10526315789473,1.736842105263158,10,False,False,False
2024-2025,Brighton & Hove Albion,38,61,16,13,9,66,59,35486.18918918919,5.078947368421052,20.842105263157894,394.7368421052632,13.868421052631579,52.55263157894737,48.921052631578945,2.972972972972973,1.9714285714285715,1.2058823529411764,4.0,4.947368421052632,9.052631578947368,8.894736842105264,50.31578947368421,51.973684210526315,11.526315789473685,2.5405405405405403,0.34210526315789475,8.289473684210526,465.89473684210526,5.0,5.026315789473684,19.68421052631579,9.263157894736842,14.026315789473685,4.7631578947368425,18.55263157894737,11.342105263157896,7,42.10526315789473,1.736842105263158,8,False,False,False
2024-2025,Chelsea,38,69,20,9,9,64,43,40157.34210526316,3.8684210526315788,21.44736842105263,451.5,10.763157894736842,57.18421052631579,48.526315789473685,3.2432432432432434,2.2432432432432434,1.1935483870967742,4.473684210526316,6.157894736842105,7.815789473684211,8.578947368421053,50.5,59.63157894736842,11.473684210526315,3.026315789473684,0.5526315789473685,7.157894736842105,520.9473684210526,5.447368421052632,5.7368421052631575,17.210526315789473,10.368421052631579,15.657894736842104,5.2894736842105265,15.473684210526315,9.763157894736842,21,52.63157894736842,1.6842105263157894,4,False,True,False
2024-2025,Crystal Palace,38,53,13,14,11,51,51,32964.73684210526,3.8157894736842106,20.605263157894736,291.55263157894734,13.710526315789474,42.55263157894737,51.63157894736842,2.864864864864865,2.0555555555555554,1.0,3.8421052631578947,4.5,8.921052631578947,5.5,49.578947368421055,50.13157894736842,10.973684210526315,2.736842105263158,0.34210526315789475,8.789473684210526,377.36842105263156,4.842105263157895,4.894736842105263,27.394736842105264,9.078947368421053,13.578947368421053,4.5,20.18421052631579,11.842105263157896,0,34.21052631578947,1.3421052631578947,12,False,False,False
2024-2025,Everton,38,48,11,15,12,42,44,39949.416666666664,4.815789473684211,26.57894736842105,277.10526315789474,16.5,40.60526315789474,48.026315789473685,2.026315789473684,1.5,0.8846153846153846,2.736842105263158,4.052631578947368,10.263157894736842,7.447368421052632,50.28947368421053,55.39473684210526,11.31578947368421,3.210526315789474,0.2631578947368421,9.078947368421053,351.3421052631579,4.157894736842105,3.789473684210526,27.657894736842106,7.342105263157895,10.68421052631579,3.3421052631578947,19.263157894736842,11.394736842105264,-2,28.947368421052634,1.105263157894737,13,False,False,False
2024-2025,Fulham,38,54,15,9,14,54,54,34044.83783783784,6.2894736842105265,24.236842105263158,400.7631578947368,14.342105263157896,52.36842105263158,48.86842105263158,2.1621621621621623,1.3333333333333333,1.0666666666666667,4.0,5.342105263157895,7.394736842105263,7.578947368421052,50.94736842105263,54.421052631578945,11.368421052631579,2.8947368421052633,0.21052631578947367,7.947368421052632,474.0263157894737,5.131578947368421,4.552631578947368,23.342105263157894,9.657894736842104,13.68421052631579,4.026315789473684,17.86842105263158,10.81578947368421,0,39.473684210526315,1.4210526315789473,11,False,False,False
2024-2025,Ipswich Town,38,22,4,10,24,36,82,35386.97222222222,3.0789473684210527,18.92105263157895,284.92105263157896,14.842105263157896,40.28947368421053,45.921052631578945,1.6216216216216217,1.1428571428571428,0.5882352941176471,2.9210526315789473,3.8157894736842106,9.131578947368421,7.2894736842105265,48.89473684210526,45.81578947368421,11.31578947368421,3.526315789473684,0.23684210526315788,7.973684210526316,354.2631578947368,3.6315789473684212,3.3421052631578947,28.13157894736842,6.026315789473684,9.894736842105264,3.8684210526315788,15.5,8.947368421052632,-46,10.526315789473683,0.9473684210526315,19,False,False,True
2024-2025,Leicester City,38,25,6,7,25,33,80,36308.78378378379,3.8684210526315788,18.210526315789473,343.55263157894734,13.5,45.36842105263158,45.526315789473685,1.5263157894736843,1.0,0.696969696969697,2.4473684210526314,3.6578947368421053,8.842105263157896,6.947368421052632,48.6578947368421,46.60526315789474,11.052631578947368,3.5526315789473686,0.2631578947368421,8.605263157894736,420.0,3.4473684210526314,2.9210526315789473,25.105263157894736,5.973684210526316,8.81578947368421,2.8421052631578947,19.157894736842106,11.342105263157896,-47,15.789473684210526,0.868421052631579,18,False,False,True
2024-2025,Liverpool,38,84,25,9,4,86,41,49580.10810810811,4.578947368421052,22.263157894736842,456.5263157894737,10.763157894736842,57.921052631578945,48.86842105263158,3.9473684210526314,2.6285714285714286,1.8125,4.7368421052631575,6.631578947368421,9.210526315789474,7.921052631578948,49.1578947368421,60.76315789473684,11.31578947368421,2.789473684210526,0.5789473684210527,7.868421052631579,529.1578947368421,6.2368421052631575,6.078947368421052,18.236842105263158,12.631578947368421,17.05263157894737,4.421052631578948,16.894736842105264,10.289473684210526,45,65.78947368421053,2.263157894736842,1,True,True,False
2024-2025,Manchester City,38,71,21,8,9,72,44,45561.65714285714,4.184210526315789,20.42105263157895,543.6842105263158,8.236842105263158,61.526315789473685,42.78947368421053,3.1666666666666665,1.9142857142857144,1.3823529411764706,4.578947368421052,6.657894736842105,10.394736842105264,9.921052631578947,50.31578947368421,57.973684210526315,7.552631578947368,2.289473684210526,0.47368421052631576,6.026315789473684,604.5526315789474,5.684210526315789,5.7105263157894735,15.447368421052632,10.157894736842104,15.973684210526315,5.815789473684211,13.078947368421053,7.868421052631579,28,55.26315789473685,1.894736842105263,3,False,True,False
2024-2025,Manchester United,38,42,11,9,18,44,54,55743.08571428571,4.078947368421052,22.36842105263158,420.2631578947368,13.026315789473685,53.55263157894737,51.68421052631579,2.2777777777777777,1.7058823529411764,0.8571428571428571,4.473684210526316,5.184210526315789,9.289473684210526,6.631578947368421,50.81578947368421,49.1578947368421,10.605263157894736,2.6486486486486487,0.39473684210526316,9.421052631578947,497.94736842105266,4.815789473684211,4.605263157894737,19.07894736842105,8.789473684210526,13.894736842105264,5.105263157894737,21.5,12.973684210526315,-10,28.947368421052634,1.1578947368421053,15,False,False,False
2024-2025,Newcastle United,38,66,20,6,12,68,47,42372.23684210526,4.473684210526316,17.789473684210527,377.89473684210526,13.18421052631579,51.13157894736842,50.26315789473684,2.8157894736842106,1.6578947368421053,1.3333333333333333,4.026315789473684,5.7105263157894735,11.526315789473685,7.421052631578948,49.21052631578947,50.6578947368421,10.368421052631579,3.0789473684210527,0.3684210526315789,7.105263157894737,451.89473684210526,5.184210526315789,4.605263157894737,21.736842105263158,9.894736842105264,13.81578947368421,3.9210526315789473,15.868421052631579,9.763157894736842,21,52.63157894736842,1.7894736842105263,5,False,False,False
2024-2025,Nottingham Forest,38,65,19,8,11,58,46,33629.18918918919,3.9473684210526314,20.105263157894736,268.1578947368421,15.210526315789474,40.86842105263158,46.71052631578947,2.108108108108108,1.3714285714285714,1.0,3.289473684210526,4.184210526315789,8.526315789473685,6.815789473684211,51.44736842105263,49.81578947368421,10.552631578947368,3.1578947368421053,0.23684210526315788,8.473684210526315,340.94736842105266,4.526315789473684,4.368421052631579,31.13157894736842,7.7368421052631575,12.18421052631579,4.447368421052632,18.36842105263158,11.026315789473685,12,50.0,1.5263157894736843,7,False,False,False
2024-2025,Southampton,38,12,2,6,30,26,86,34547.60526315789,3.3684210526315788,19.18421052631579,389.4736842105263,12.473684210526315,48.63157894736842,45.36842105263158,1.5945945945945945,1.1944444444444444,0.47058823529411764,3.3421052631578947,4.0,9.342105263157896,8.210526315789474,49.78947368421053,45.026315789473685,12.078947368421053,4.2631578947368425,0.34210526315789475,8.026315789473685,455.2368421052632,2.763157894736842,2.9210526315789473,25.07894736842105,6.473684210526316,9.026315789473685,2.5526315789473686,17.157894736842106,9.947368421052632,-60,5.263157894736842,0.6842105263157895,20,False,False,True
2024-2025,Tottenham Hotspur,38,38,11,5,22,64,65,50162.84210526316,4.473684210526316,15.368421052631579,408.39473684210526,11.263157894736842,54.81578947368421,49.78947368421053,2.6052631578947367,1.5526315789473684,1.0810810810810811,3.6842105263157894,6.394736842105263,11.210526315789474,8.105263157894736,48.026315789473685,50.71052631578947,11.736842105263158,3.236842105263158,0.39473684210526316,8.473684210526315,480.2105263157895,4.526315789473684,4.868421052631579,20.394736842105264,9.421052631578947,13.078947368421053,3.6578947368421053,17.394736842105264,10.894736842105264,-1,28.947368421052634,1.6842105263157894,17,False,False,False
2024-2025,West Ham United,38,43,11,10,17,46,62,50454.45945945946,4.078947368421052,23.68421052631579,367.42105263157896,15.631578947368421,48.63157894736842,47.39473684210526,1.9736842105263157,1.3513513513513513,0.7575757575757576,3.8684210526315788,4.0,10.31578947368421,9.131578947368421,49.973684210526315,51.13157894736842,11.657894736842104,3.473684210526316,0.4473684210526316,8.710526315789474,444.5,4.815789473684211,3.8421052631578947,26.263157894736842,8.81578947368421,12.526315789473685,3.710526315789474,17.210526315789473,10.210526315789474,-16,28.947368421052634,1.2105263157894737,14,False,False,False
2024-2025,Wolverhampton,38,42,12,6,20,54,69,35254.78378378379,3.4210526315789473,21.473684210526315,356.86842105263156,11.973684210526315,48.078947368421055,50.28947368421053,1.8421052631578947,1.162162162162162,0.84375,2.8947368421052633,3.8947368421052633,9.710526315789474,8.526315789473685,51.026315789473685,46.73684210526316,12.631578947368421,2.6842105263157894,0.2894736842105263,7.842105263157895,431.63157894736844,4.2368421052631575,4.2105263157894735,23.736842105263158,7.052631578947368,11.342105263157896,4.2894736842105265,21.07894736842105,12.394736842105264,-15,31.57894736842105,1.4210526315789473,16,False,False,False
2025-2026,Arsenal,37,82,25,7,5,71,26,52282.08,4.67741935483871,18.225806451612904,391.5806451612903,16.70967741935484,55.483870967741936,44.225806451612904,3.433333333333333,2.3214285714285716,2.12,4.225806451612903,5.709677419354839,9.64516129032258,7.161290322580645,50.87096774193548,56.67741935483871,10.161290322580646,1.5806451612903225,1.3225806451612903,7.032258064516129,463.96774193548384,5.32258064516129,4.903225806451613,23.35483870967742,10.612903225806452,15.709677419354838,3.806451612903226,15.903225806451612,10.03225806451613,45,67.56756756756756,1.9189189189189189,1,True,True,False
2025-2026,Aston Villa,36,59,17,8,11,50,46,42281.38461538462,4.032258064516129,19.0,369.83870967741933,12.451612903225806,52.41935483870968,43.03225806451613,3.5,1.6428571428571428,1.826086956521739,4.290322580645161,5.451612903225806,11.516129032258064,6.225806451612903,48.03225806451613,49.74193548387097,10.935483870967742,3.064516129032258,0.3548387096774194,6.064516129032258,436.4516129032258,4.451612903225806,4.193548387096774,21.483870967741936,8.096774193548388,12.419354838709678,4.709677419354839,15.064516129032258,9.32258064516129,4,47.22222222222222,1.3888888888888888,4,False,True,False
2025-2026,Bournemouth,36,55,13,16,7,56,52,27766.76923076923,6.612903225806452,20.516129032258064,312.51612903225805,16.161290322580644,46.935483870967744,48.38709677419355,4.379310344827586,2.2962962962962963,3.5,3.7419354838709675,5.548387096774194,10.580645161290322,7.096774193548387,44.58064516129032,55.38709677419355,11.129032258064516,3.066666666666667,1.8387096774193548,9.0,388.35483870967744,4.709677419354839,5.580645161290323,30.806451612903224,7.935483870967742,14.870967741935484,6.193548387096774,18.06451612903226,10.870967741935484,4,36.11111111111111,1.5555555555555556,6,False,False,False
2025-2026,Brentford,36,51,14,9,13,52,49,28485.44827586207,8.03225806451613,21.771612903225805,287.6774193548387,18.806451612903224,45.61290322580645,47.67741935483871,6.6,2.7,2.392857142857143,2.161290322580645,5.0,7.676451612903226,6.225806451612903,45.38709677419355,50.25806451612903,10.580645161290322,2.774193548387097,1.7419354838709677,8.838709677419354,366.0774193548387,18.516129032258064,3.7096774193548385,38.87096774193548,8.03225806451613,9.870967741935484,2.6129032258064515,15.580645161290322,21.34867741935484,3,38.88888888888889,1.4444444444444444,8,False,False,False
2025-2026,Brighton & Hove Albion,36,53,14,11,11,52,42,35009.7037037037,6.129032258064516,19.838709677419356,378.4516129032258,15.161290322580646,51.16129032258065,48.45161290322581,2.566666666666667,2.0344827586206895,1.28,3.4838709677419355,4.741935483870968,9.161290322580646,7.483870967741935,47.29032258064516,52.70967741935484,11.709677419354838,2.7419354838709675,0.3548387096774194,8.483870967741936,454.16129032258067,4.903225806451613,4.199329032258065,24.032258064516128,8.451612903225806,14.0,4.612903225806452,17.864193548387096,27.580645161290324,10,38.88888888888889,1.4444444444444444,7,False,False,False
2025-2026,Burnley,36,21,4,9,23,37,73,31778.59259259259,2.5483870967741935,22.032258064516128,273.9032258064516,15.03225806451613,39.32258064516129,42.12903225806452,3.838709677419355,1.5806451612903225,1.7857142857142858,3.2580645161290325,3.6129032258064515,8.161290322580646,4.645161290322581,45.74193548387097,49.0,9.483870967741936,3.566666666666667,0.6865322580645161,10.225806451612904,351.0577419354839,18.322580645161292,3.096774193548387,28.774193548387096,21.225806451612904,10.387096774193548,3.6451612903225805,18.096774193548388,9.225806451612904,-36,11.11111111111111,1.0277777777777777,19,False,False,True
2025-2026,Chelsea,37,49,13,10,14,56,52,39888.21428571428,5.129032258064516,20.677419354838708,466.19354838709677,13.96774193548387,57.806451612903224,55.96774193548387,4.870967741935484,1.7096774193548387,1.6551724137931034,19.741935483870968,6.225806451612903,10.03225806451613,7.196532258064516,49.68032258064516,53.58064516129032,10.516129032258064,2.6774193548387095,0.3870967741935484,9.64516129032258,533.9032258064516,5.096774193548387,4.583316129032258,22.516129032258064,9.419354838709678,13.548387096774194,4.483870967741935,15.324838709677419,9.0,4,35.13513513513514,1.5135135135135136,10,False,False,False
2025-2026,Crystal Palace,35,44,11,11,13,38,44,35277.892857142855,3.7333333333333334,19.633333333333333,299.1,19.666666666666668,45.43333333333333,44.56666666666667,3.8333333333333335,2.0,2.4347826086956523,16.9,4.266666666666667,10.566666666666666,4.166666666666667,47.6,51.8,10.366666666666667,2.6666666666666665,0.43333333333333335,8.2,383.53333333333336,4.433333333333334,3.5791066666666667,32.36666666666667,8.3,11.4,3.2333333333333334,18.046,12.066666666666666,-6,31.428571428571427,1.0857142857142856,16,False,False,False
2025-2026,Everton,37,50,13,11,13,49,49,45036.8,8.96774193548387,21.719354838709677,283.1290322580645,20.967741935483872,41.25806451612903,45.61290322580645,3.774193548387097,2.4482758620689653,1.2083333333333333,3.2903225806451615,4.387096774193548,8.806451612903226,7.258064516129032,51.25806451612903,52.25806451612903,10.612903225806452,2.6451612903225805,0.45161290322580644,27.0,357.7096774193548,3.935483870967742,4.086396774193549,29.193548387096776,7.903225806451613,11.96774193548387,4.612903225806452,18.61709677419355,28.612903225806452,0,35.13513513513514,1.3243243243243243,9,False,False,False
2025-2026,Fulham,37,48,14,6,17,44,53,34602.24,4.580645161290323,21.967741935483872,390.16129032258067,13.67741935483871,50.29032258064516,44.483870967741936,3.064516129032258,1.0666666666666667,1.1111111111111112,16.387096774193548,4.806451612903226,7.548387096774194,6.741935483870968,50.41935483870968,49.32258064516129,10.580645161290322,2.6,0.25806451612903225,8.064516129032258,464.6774193548387,4.838709677419355,3.5738000000000003,27.032258064516128,8.193548387096774,11.774193548387096,4.419354838709677,16.673548387096773,9.612903225806452,-9,37.83783783783784,1.1891891891891893,11,False,False,False
2025-2026,Leeds United,36,44,10,14,12,48,53,37784.307692307695,6.548387096774194,18.451612903225808,294.51612903225805,19.193548387096776,42.41935483870968,42.41935483870968,3.7666666666666666,2.103448275862069,1.56,24.387096774193548,4.451612903225806,8.32258064516129,6.096774193548387,47.87096774193548,48.064516129032256,9.903225806451612,2.4193548387096775,0.2903225806451613,8.612903225806452,370.64516129032256,4.741935483870968,4.692564516129033,28.70967741935484,8.0,12.67741935483871,5.67741935483871,18.06451612903226,10.03225806451613,-5,27.77777777777778,1.3333333333333333,15,False,False,False
2025-2026,Liverpool,34,58,17,7,10,57,44,49380.03846153846,6.032258064516129,20.096774193548388,436.0967741935484,15.483870967741936,57.16129032258065,52.29032258064516,6.4,2.0,1.88,38.16129032258065,5.806451612903226,8.612903225806452,9.13614193548387,50.27225806451613,62.41935483870968,8.903225806451612,2.533333333333333,0.45161290322580644,6.709677419354839,508.4193548387097,6.193548387096774,3.9405709677419356,25.483870967741936,9.806451612903226,14.67741935483871,6.354838709677419,12.28032258064516,7.741935483870968,13,50.0,1.6764705882352942,5,False,False,False
2025-2026,Liverpool FC,3,1,0,1,2,5,7,,,,,,,,,,,,,,,,,,,,,,,,,,,,,,-2,0.0,1.6666666666666667,21,False,False,True
2025-2026,Manchester City,36,75,22,9,5,75,35,48091.92307692308,4.516333333333334,19.966666666666665,500.96666666666664,12.720863333333334,58.5,45.166666666666664,5.266666666666667,2.586206896551724,1.7407407407407407,3.933333333333333,5.666666666666667,9.7,9.733333333333333,52.1,54.93333333333333,10.2,2.466666666666667,0.43333333333333335,18.5,565.0666666666667,5.433333333333334,6.5,21.966666666666665,10.633333333333333,14.4,5.1,16.633333333333333,9.066666666666666,40,61.111111111111114,2.0833333333333335,2,False,True,False
2025-2026,Manchester United,37,68,19,11,7,66,50,57422.2962962963,4.354838709677419,21.93548387096774,373.2258064516129,16.677419354838708,51.193548387096776,46.83870967741935,3.193548387096774,2.1379310344827585,1.4642857142857142,4.193548387096774,4.419354838709677,8.456774193548387,6.419354838709677,51.0,55.096774193548384,9.838709677419354,2.193548387096774,1.6129032258064515,7.967741935483871,451.6774193548387,5.741935483870968,5.67741935483871,43.645161290322584,10.03225806451613,16.870967741935484,5.32258064516129,17.774193548387096,10.377074193548387,16,51.35135135135135,1.7837837837837838,3,False,True,False
2025-2026,Newcastle United,36,47,13,8,15,49,50,47068.07692307692,5.129032258064516,20.548387096774192,348.80645161290323,16.870967741935484,50.806451612903224,46.67741935483871,3.6785714285714284,1.8888888888888888,1.2272727272727273,13.580645161290322,6.161290322580645,14.333333333333334,6.382922580645161,49.03322580645161,54.87096774193548,9.193548387096774,2.8,2.2580645161290325,6.741935483870968,419.03225806451616,4.548387096774194,4.483870967741935,25.806451612903224,8.064516129032258,12.258064516129032,4.612903225806452,13.612903225806452,8.838709677419354,-1,36.11111111111111,1.3611111111111112,12,False,False,False
2025-2026,Nottingham Forest,37,46,12,10,15,48,48,34805.17857142857,7.870967741935484,21.720000000000002,328.2903225806452,14.516129032258064,46.87096774193548,46.193548387096776,3.1666666666666665,1.25,1.037037037037037,4.064516129032258,5.516129032258065,8.516129032258064,7.193548387096774,48.29032258064516,52.83870967741935,10.709677419354838,2.6451612903225805,0.45161290322580644,8.096774193548388,398.96774193548384,18.774193548387096,4.838709677419355,25.096774193548388,7.838709677419355,12.258064516129032,5.290322580645161,17.677419354838708,10.193548387096774,0,32.432432432432435,1.2972972972972974,13,False,False,False
2025-2026,Sunderland,36,46,11,13,12,35,45,44834.46153846154,5.483870967741935,19.00483870967742,274.0,17.096774193548388,42.41935483870968,55.96774193548387,4.5,1.4333333333333333,0.8636363636363636,11.806451612903226,3.4516129032258065,11.0,5.2343935483870965,47.89387096774194,49.935483870967744,10.483870967741936,2.933333333333333,0.6451612903225806,7.870967741935484,342.86645161290323,11.258064516129032,2.905151612903226,28.838709677419356,7.129032258064516,9.0,3.3870967741935485,14.981290322580646,25.774193548387096,-10,30.555555555555557,0.9722222222222222,14,False,False,False
2025-2026,Tottenham Hotspur,36,38,9,11,16,46,55,51794.607142857145,4.55741935483871,21.032258064516128,323.51612903225805,14.57286129032258,49.096774193548384,48.74193548387097,3.3225806451612905,1.75,1.1785714285714286,3.096774193548387,5.225806451612903,10.225806451612904,9.129032258064516,49.806451612903224,50.0,11.35483870967742,2.838709677419355,0.22580645161290322,23.0,397.93548387096774,3.903225806451613,4.838709677419355,27.06451612903226,7.225806451612903,10.741935483870968,4.129032258064516,20.838709677419356,11.903225806451612,-9,25.0,1.2777777777777777,17,False,False,False
2025-2026,West Ham United,36,36,9,9,18,42,62,51851.82142857143,3.446451612903226,20.870967741935484,283.48387096774195,14.321000000000002,41.32258064516129,43.96774193548387,3.3870967741935485,1.6,1.0740740740740742,3.032258064516129,5.387096774193548,8.709677419354838,6.580645161290323,51.67741935483871,47.645161290322584,10.838709677419354,3.7096774193548385,0.0967741935483871,22.193548387096776,358.03225806451616,3.5806451612903225,4.225806451612903,30.387096774193548,7.258064516129032,9.774193548387096,3.2580645161290325,18.580645161290324,10.35483870967742,-20,25.0,1.1666666666666667,18,False,False,True
2025-2026,Wolverhampton,36,18,3,9,24,25,66,36747.8275862069,5.451612903225806,22.70967741935484,281.3225806451613,15.774193548387096,41.225806451612904,43.25806451612903,3.6,1.6551724137931034,1.5217391304347827,2.3870967741935485,3.3870967741935485,9.188600000000001,16.903225806451612,45.87096774193548,48.54838709677419,12.935483870967742,2.6774193548387095,1.6774193548387097,8.774193548387096,352.06548387096774,19.774193548387096,3.129032258064516,28.193548387096776,6.096774193548387,10.580645161290322,3.870967741935484,20.612903225806452,11.774193548387096,-41,8.333333333333332,0.6944444444444444,20,False,False,True
